time,x,y,z,xdot,ydot,zdot,xddot,yddot,zddot
1.015000000000000069e-01,5.958226927753521585e-01,2.572677272146201011e-01,1.586098782887286895e-01,8.047137911409216323e-04,-2.006705417498206266e-03,-1.776968107374638720e-04,-2.891952458410752217e-03,1.030609177130248182e-02,1.539489595340731796e-03
2.019700000000000106e-01,5.958958257882621679e-01,2.571132734405414122e-01,1.586031269238609709e-01,6.524303582720790634e-04,-1.070720279845642584e-03,4.317873981323538447e-05,-1.517091286326977245e-03,9.324552708811372284e-03,2.200425658855102197e-03
3.023500000000000076e-01,5.959614505799504247e-01,2.570469425144792930e-01,1.586205324558515595e-01,6.551156795571182103e-04,-2.508951847799297495e-04,3.036190755413559206e-04,2.675194172980008668e-05,8.167333009281352307e-03,2.594581409794609154e-03
4.027000000000000024e-01,5.960339492068852385e-01,2.570558189752457645e-01,1.586611306956917933e-01,7.893885993600598724e-04,4.277548868305194180e-04,5.052835705512722774e-04,1.337665383457494308e-03,6.760906887304903717e-03,2.009039607115862582e-03
5.030200000000000227e-01,5.961232346064475607e-01,2.571239527726002505e-01,1.587103372183271133e-01,9.895849780079820582e-04,9.297820208101697593e-04,4.751354456756232613e-04,1.994413810349030067e-03,5.001338465466537847e-03,-3.003442770254405878e-04
6.033899999999999819e-01,5.962321075648887581e-01,2.572319066508059748e-01,1.587375742239643950e-01,1.179662371572044125e-03,1.221153046330447287e-03,6.755029681789533752e-05,1.893605575283705249e-03,2.902721823231303039e-03,-4.060480290728047531e-03
7.037499999999999867e-01,5.963576523880314006e-01,2.573581447735961980e-01,1.587055875507379088e-01,1.321764784950054403e-03,1.294087810529774996e-03,-7.048711440867662078e-04,1.415665046686257270e-03,7.265970641232627394e-04,-7.695084194600851531e-03
8.041000000000000369e-01,5.964925612093954221e-01,2.574805191609078059e-01,1.585853925981378088e-01,1.366236049865434538e-03,1.144169761717150728e-03,-1.689962119320418711e-03,4.430355109814817800e-04,-1.493526651140455151e-03,-9.813759163503134667e-03
9.045499999999999652e-01,5.966200802398811120e-01,2.575760437647645062e-01,1.583638968470093278e-01,1.174526347542759934e-03,7.591173051780483218e-04,-2.723246430881957197e-03,-1.909867103853389852e-03,-3.836003139602124287e-03,-1.029387501868635896e-02
1.004899999999999904e+00,5.966979598674718721e-01,2.576170710361117000e-01,1.580422345387228200e-01,3.771920787425037721e-04,5.833361105086381018e-05,-3.685738129658882624e-03,-7.943272939798906584e-03,-6.981408390471765743e-03,-9.588618682073852401e-03
1.105299999999999949e+00,5.966785306745306938e-01,2.575800226515788660e-01,1.576255651902546129e-01,-7.643104770642984713e-04,-7.965069013210715910e-04,-4.616221261880178346e-03,-1.137197624265531837e-02,-8.516166651139986041e-03,-9.269740150807840445e-03
1.205650000000000110e+00,5.965069854490883117e-01,2.574426109190673939e-01,1.571187369335154405e-01,-2.653655112846666463e-03,-1.941363372614445144e-03,-5.482115996191702124e-03,-1.882219378573319821e-02,-1.140538891180716864e-02,-8.626291984314721217e-03
1.305979999999999919e+00,5.961063798667318725e-01,2.571749893810698628e-01,1.565265805702435453e-01,-5.328240577281902549e-03,-3.390881845146426037e-03,-6.316347460257944538e-03,-2.664498840216044176e-02,-1.444051925163940785e-02,-8.310853394044012687e-03
1.406330000000000080e+00,5.953971440137929561e-01,2.567456128394991488e-01,1.558517260735210186e-01,-8.802981869889840369e-03,-5.164262959491485588e-03,-7.129841100491414278e-03,-3.461637052663657510e-02,-1.766693188632583941e-02,-8.104257238169459976e-03
1.506699999999999928e+00,5.943076624165886113e-01,2.561245638987710294e-01,1.550951402500905796e-01,-1.290447516065638262e-02,-7.209872803164651955e-03,-7.944809351779663284e-03,-4.086025390371654520e-02,-2.037895265819297114e-02,-8.118947736930757358e-03
1.607080000000000064e+00,5.927803782766596363e-01,2.552863241477261180e-01,1.542573225520369740e-01,-1.752601116056147490e-02,-9.491697396640465592e-03,-8.748351621842048037e-03,-4.604106870207660268e-02,-2.273219182463696170e-02,-8.005118830995706578e-03
1.707459999999999978e+00,5.907656395003654248e-01,2.542092986430070090e-01,1.533421236687167732e-01,-2.261680128015285118e-02,-1.196757729371379121e-02,-9.486596526944361327e-03,-5.071591298840311124e-02,-2.466542648192814047e-02,-7.354607731168088733e-03
1.807809999999999917e+00,5.882293434539217492e-01,2.528841909598843474e-01,1.523732849737666206e-01,-2.791781774067488009e-02,-1.443462919242128988e-02,-9.817102034029990057e-03,-5.281024816310979364e-02,-2.457747942725384965e-02,-3.292590766025970707e-03
1.908120000000000038e+00,5.851674062810083843e-01,2.513191584274341861e-01,1.513929654898941712e-01,-3.308997695893986513e-02,-1.674797778023910666e-02,-9.715346358834617974e-03,-5.152653531447280721e-02,-2.304624290836624831e-02,1.013719255371490179e-03
2.008480000000000043e+00,5.815925557194684403e-01,2.495277257357058631e-01,1.504388599287596606e-01,-3.813739866115686827e-02,-1.894555598719345132e-02,-9.294800782777990628e-03,-5.028386436130712761e-02,-2.189290513081562292e-02,4.189595788061630660e-03
2.108820000000000139e+00,5.775237279144467273e-01,2.475238163085575482e-01,1.495412373162618713e-01,-4.293226324854949177e-02,-2.098148628185716319e-02,-8.589947652113152227e-03,-4.776781786181728134e-02,-2.028252221148466386e-02,7.021949285795889978e-03
2.209140000000000104e+00,5.729903628823938000e-01,2.453243497598851797e-01,1.487238468852573048e-01,-4.739310515564675030e-02,-2.284194838463576155e-02,-7.696208721471065571e-03,-4.444018800632190680e-02,-1.853445769834930965e-02,8.903683863602450746e-03
2.309480000000000199e+00,5.680249667076977538e-01,2.429449971788738005e-01,1.479998707494619703e-01,-5.154029984948847731e-02,-2.456563889849185112e-02,-6.728707586656985581e-03,-4.131554440427934877e-02,-1.717189985563148669e-02,9.638524122332249242e-03
2.409839999999999982e+00,5.626780839598221062e-01,2.404061256126427126e-01,1.473582541381603384e-01,-5.499406272691363673e-02,-2.602029625769605031e-02,-6.055230256492064554e-03,-3.440737753064761206e-02,-1.449171431629598349e-02,6.709374551675248606e-03
2.510200000000000209e+00,5.569912272954007371e-01,2.377230002425205213e-01,1.467767366723267686e-01,-5.831413540931638939e-02,-2.743983453198850161e-02,-5.531257697491563999e-03,-3.307551741878286128e-02,-1.414184790798302116e-02,5.219965091138600161e-03
2.610559999999999992e+00,5.509904223278846436e-01,2.349047432322671491e-01,1.462305474191142041e-01,-6.124934901787142116e-02,-2.871273666159298785e-02,-5.351330659285027241e-03,-2.924144081308198417e-02,-1.268101652812900736e-02,1.792484820544175579e-03
2.710910000000000153e+00,5.447071717586614570e-01,2.319630734603325695e-01,1.456948635417348592e-01,-6.394174378586606200e-02,-2.989878127151095882e-02,-5.321942556166898639e-03,-2.682240979814909387e-02,-1.181571697593230066e-02,2.927727220372745420e-04
2.811189999999999856e+00,5.381669759316252133e-01,2.289080359677552190e-01,1.451601546641543838e-01,-6.636887389786380598e-02,-3.097154023461297714e-02,-5.331904203351570115e-03,-2.417976712453645885e-02,-1.068713283245284647e-02,-9.924078973413302026e-05
2.911550000000000082e+00,5.313938408248097822e-01,2.257480902447506765e-01,1.446284780122280011e-01,-6.858295977290645995e-02,-3.198903310320043436e-02,-5.261526750831353565e-03,-2.205735926047742643e-02,-1.013655612927608952e-02,7.011203908455930413e-04
3.011919999999999931e+00,5.243820587205262340e-01,2.224866779186794319e-01,1.441038236412282569e-01,-7.112381373007763130e-02,-3.299321910625088033e-02,-5.191988245282597864e-03,-2.531271672588155525e-02,-1.000398931373869781e-02,6.927625602128279284e-04
3.112280000000000157e+00,5.170853306453166987e-01,2.191160486728573609e-01,1.435860267776989663e-01,-7.426038694173150989e-02,-3.416513373544894511e-02,-5.124893833732663793e-03,-3.124744299943022982e-02,-1.167495005058597456e-02,6.684137939765804172e-04
3.212650000000000006e+00,5.094389214271342059e-01,2.156167225564308010e-01,1.430647511408230099e-01,-7.809106164408985418e-02,-3.555744946661872075e-02,-5.261301323296233012e-03,-3.816228136061454446e-02,-1.387064911645954045e-02,-1.358930580353163910e-03
3.312990000000000101e+00,5.013636272609974798e-01,2.119610134112301925e-01,1.425214295212171023e-01,-8.280573695283291458e-02,-3.728099901131037841e-02,-5.564150654623281275e-03,-4.696894924161175433e-02,-1.717049548033617798e-02,-3.017072001666315072e-03
3.413339999999999819e+00,4.927953944012624099e-01,2.081243967416048501e-01,1.419413910183012217e-01,-8.791265526938575603e-02,-3.916195487821019089e-02,-5.992869592822307363e-03,-5.087658671773435948e-02,-1.873862246129574111e-02,-4.271021168699769277e-03
3.513739999999999863e+00,4.837453708526154861e-01,2.041115670040491159e-01,1.413204149393821329e-01,-9.240521133047187308e-02,-4.079196937568884546e-02,-6.379814429306969459e-03,-4.475613351505744464e-02,-1.623867248147300643e-02,-3.854855572015446642e-03
3.614090000000000025e+00,4.742645781919405668e-01,1.999473782106139796e-01,1.406644865349923335e-01,-9.649554644756652699e-02,-4.217771963285790043e-02,-6.689279798575366656e-03,-4.074909297353494775e-02,-1.380524197919286850e-02,-3.082982871428977326e-03
3.714440000000000186e+00,4.644131946628229368e-01,1.956649164374656136e-01,1.399839989332237467e-01,-9.978907662317272609e-02,-4.314850814751171326e-02,-6.869145982196149178e-03,-3.281109334441215802e-02,-9.671273944264643235e-03,-1.791878569686538181e-03
3.814690000000000136e+00,4.542821542917422906e-01,1.913087132556716696e-01,1.392920179147817683e-01,-1.020675899733929221e-01,-4.364698580830650432e-02,-6.918281233029986883e-03,-2.269920426850322373e-02,-4.965977594370108578e-03,-4.894994779616461834e-04
3.915010000000000101e+00,4.440075070756002162e-01,1.869309039031909203e-01,1.386033700658094725e-01,-1.026503818773999155e-01,-4.357900190067131446e-02,-6.802733999447629736e-03,-5.805940296029495074e-03,6.772752093960835579e-04,1.151114720259552911e-03
4.015279999999999738e+00,4.337139712364578292e-01,1.825742906794342035e-01,1.379304882059571302e-01,-1.024439377457616041e-01,-4.322466196670009947e-02,-6.604150611416764911e-03,2.056655719677434949e-03,3.530036170700161322e-03,1.978344734652711431e-03
4.115599999999999703e+00,4.235199455937365687e-01,1.782716082898129495e-01,1.372865885370658512e-01,-1.006676835753320537e-01,-4.250445298894853924e-02,-6.225276182305756502e-03,1.769555409603575102e-02,7.174928643895231092e-03,3.774455856346939885e-03
4.215959999999999930e+00,4.135848086939807877e-01,1.740566107089659975e-01,1.366915400345128095e-01,-9.728568975145193698e-02,-4.147757947941080325e-02,-5.630811918133087242e-03,3.369239361079538753e-02,1.023000876806762389e-02,5.922223699710519457e-03
4.316309999999999647e+00,4.040718977949320778e-01,1.699576111863820849e-01,1.361666931751520648e-01,-9.225501025340726580e-02,-4.019324105858409352e-02,-4.826538326631438051e-03,5.011707371582946324e-02,1.279494814520828853e-02,8.012404465172134199e-03
4.416680000000000383e+00,3.951397901626986786e-01,1.659967179472000287e-01,1.357290815881591062e-01,-8.571343190887197039e-02,-3.872587057465484012e-02,-3.892686252374595417e-03,6.516908187817879727e-02,1.461836611537238421e-02,9.303302518755447725e-03
4.517050000000000232e+00,3.869101692910893453e-01,1.621911126350455701e-01,1.353898174830700241e-01,-7.825826059751075925e-02,-3.709919521883450061e-02,-2.867006616349663216e-03,7.427055735131803116e-02,1.620540699344054369e-02,1.021811505731311243e-02
4.617420000000000080e+00,3.794941429163974922e-01,1.585485681752712150e-01,1.351455899784913539e-01,-6.950290790603932956e-02,-3.547695250620083729e-02,-1.999122444410458832e-03,8.722333760620400167e-02,1.616124772918431027e-02,8.646111333227381179e-03
4.717780000000000307e+00,3.729928900712926043e-01,1.550674822160767186e-01,1.349803894719055763e-01,-6.003178744078493945e-02,-3.388220332787670458e-02,-1.292427323238238331e-03,9.435402170087517359e-02,1.588734924564246670e-02,7.040299724156801227e-03
4.818150000000000155e+00,3.674485563910082631e-01,1.517381866230242959e-01,1.348766266829242166e-01,-5.043670090873798167e-02,-3.245259407817858294e-02,-7.750020752597962291e-04,9.558900725503725881e-02,1.424217785684825377e-02,5.154738898680805842e-03
4.918499999999999872e+00,3.628568745029719378e-01,1.485433331900608556e-01,1.348191694113463901e-01,-4.105060602536497738e-02,-3.120350052030814586e-02,-3.698096012918326999e-04,9.350697243913293211e-02,1.244382869989872110e-02,4.036643776421194180e-03
5.018909999999999982e+00,3.591803162408787053e-01,1.454626462426408806e-01,1.348006083915538611e-01,-3.220325223115312607e-02,-3.017787545454837100e-02,-1.081662374274351690e-08,8.813987900976021084e-02,1.021757141266181439e-02,3.684041680341254999e-03
5.119180000000000064e+00,3.563543224248507113e-01,1.424721274658166670e-01,1.348212391967529844e-01,-2.410347152391880549e-02,-2.940693810589616389e-02,4.110708276553050019e-04,8.069234125216988296e-02,7.680299241425796695e-03,4.095313382131596062e-03
5.219549999999999912e+00,3.542974521656114817e-01,1.395469553778414251e-01,1.348878835885300165e-01,-1.687879277904808656e-02,-2.887587049740407419e-02,9.167903078969473138e-04,7.197432421815089243e-02,5.290648011512614872e-03,5.038122679183301526e-03
5.320000000000000284e+00,3.529354056818131413e-01,1.366677047473809359e-01,1.350130683019692135e-01,-1.025940358565318941e-02,-2.849197261373936224e-02,1.577461816081520557e-03,6.594425589785224417e-02,3.824500953092612853e-03,6.581799275923668618e-03
5.420359999999999623e+00,3.522090886477816651e-01,1.338246329215503350e-01,1.352130483294870511e-01,-4.212154123307517914e-03,-2.815502321651871392e-02,2.407055100450606559e-03,6.024443560759247529e-02,3.356786649909860795e-03,8.264646516050687050e-03
5.520730000000000359e+00,3.520716006765239880e-01,1.310185674167381742e-01,1.354983151621975690e-01,1.472764824809204114e-03,-2.775463742108603971e-02,3.276765102840441517e-03,5.663479498187488220e-02,3.988758264618071613e-03,8.664300780462578025e-03
5.621069999999999567e+00,3.525100881795573127e-01,1.282648922404814318e-01,1.358553038335351404e-01,7.263912008422751185e-03,-2.711116822268373056e-02,3.836082203013740574e-03,5.769307116726218876e-02,6.410424926240831933e-03,5.572077559463771250e-03
5.721429999999999794e+00,3.535329572744686510e-01,1.255837115410688432e-01,1.362647524245466923e-01,1.311631927096571296e-02,-2.631021583096060726e-02,4.322006670087681288e-03,5.830336166434837986e-02,7.979317719298112052e-03,4.840919073881651616e-03
5.821830000000000283e+00,3.551642325420972801e-01,1.229910893277257611e-01,1.367098273762340499e-01,1.938614600050762860e-02,-2.534667808721297391e-02,4.545922273290453619e-03,6.246181425631731898e-02,9.599039682443157723e-03,2.230711536324174547e-03
5.922220000000000262e+00,3.574512437831257605e-01,1.205030720676239370e-01,1.371677273303378020e-01,2.618157939329057021e-02,-2.422600666809491057e-02,4.577539383613890914e-03,6.769805876313196580e-02,1.116445047731489705e-02,3.149787318745100439e-04
6.022619999999999862e+00,3.604656917828098495e-01,1.181297069775287256e-01,1.376156061189947322e-01,3.388001374593520992e-02,-2.306228240741062252e-02,4.346254817785582224e-03,7.669401362140579326e-02,1.159335524759276190e-02,-2.304123257992536557e-03
6.123009999999999842e+00,3.642910389777214708e-01,1.158685535386154986e-01,1.380272656583251822e-01,4.233840065734454511e-02,-2.199023728694149415e-02,3.855886259366101722e-03,8.426487923169700966e-02,1.068002132716455548e-02,-4.885192387983823027e-03
6.223449999999999704e+00,3.689868552217181463e-01,1.137038578564277952e-01,1.383780333235861137e-01,5.122373898913516049e-02,-2.114040266684868302e-02,3.133010148701083006e-03,8.851829188035478801e-02,8.466296514816680496e-03,-7.201499387844545637e-03
6.323820000000000441e+00,3.746092790792706628e-01,1.116212962583407325e-01,1.386483201334053617e-01,6.080066289936560120e-02,-2.035375062582360159e-02,2.252339475497050058e-03,9.540806600111627345e-02,7.836853519307945132e-03,-8.773494130463030741e-03
6.424210000000000420e+00,3.811717023602128607e-01,1.095981339944206989e-01,1.388149403484444655e-01,6.995282734118227208e-02,-1.995689621994557045e-02,1.067497378712678772e-03,9.117649020737637888e-02,3.953577547838521729e-03,-1.180373719479454325e-02
6.524639999999999773e+00,3.886398037532466376e-01,1.076004957200379086e-01,1.388479411282093623e-01,7.884591373442717543e-02,-1.984519599988978159e-02,-4.099708903724697158e-04,8.859548029341314523e-02,1.112789666840490691e-03,-1.471896315066775589e-02
6.624979999999999869e+00,3.969663442431318190e-01,1.055984111048056812e-01,1.387197549712430866e-01,8.705686090729305993e-02,-2.004548766855752603e-02,-2.144083718164521094e-03,8.179981350416908048e-02,-1.995363116888981565e-03,-1.727572993982211952e-02
6.725380000000000358e+00,4.060704734537105010e-01,1.035625162806703137e-01,1.384113849100010174e-01,9.433903797370388200e-02,-2.051885001923448720e-02,-4.000058478542579607e-03,7.254713900793863246e-02,-4.715771663131466951e-03,-1.848975350481769225e-02
6.825770000000000337e+00,4.158483746971296524e-01,1.014686502748769897e-01,1.379208128511770770e-01,1.004814818359985734e-01,-2.120053878468411077e-02,-5.774380956353461665e-03,6.119278955489394073e-02,-6.791179227889706724e-03,-1.767631001948426206e-02
6.926149999999999807e+00,4.261794595072265213e-01,9.929991893347114851e-02,1.372675804333711447e-01,1.053609850487855493e-01,-2.201050996104180965e-02,-7.240996886529999996e-03,4.861101215192140113e-02,-8.069165441565852998e-03,-1.461084903421820159e-02
7.026539999999999786e+00,4.369346970865245483e-01,9.704720094723566504e-02,1.364921742802959470e-01,1.089325451999395705e-01,-2.287393692968961098e-02,-8.208640622073966678e-03,3.558090779694425554e-02,-8.601707394155420211e-03,-9.639944751751089447e-03
7.126920000000000144e+00,4.479835367839927751e-01,9.470790933487126251e-02,1.356502590602984837e-01,1.112108822665183738e-01,-2.373545260715383826e-02,-8.566161731958642223e-03,2.269744808024795613e-02,-8.582666562558663795e-03,-3.561727958622648918e-03
7.227319999999999744e+00,4.591988720942036251e-01,9.228384120891536258e-02,1.348036500582969199e-01,1.122498994064347749e-01,-2.456307287352697474e-02,-8.302162230356674791e-03,1.035098710093538751e-02,-8.244990744224229770e-03,2.630038842242013453e-03
7.327700000000000102e+00,4.704600636251636825e-01,8.977911780682616694e-02,1.340107291543970458e-01,1.121245479438926912e-01,-2.534247464905231562e-02,-7.496449232376627136e-03,-1.248787264434286434e-03,-7.764624292490562504e-03,8.026744245834563363e-03
7.428090000000000082e+00,4.816543755443316033e-01,8.719900021796371525e-02,1.333187626565694450e-01,1.109173516122158865e-01,-2.606526994957971202e-02,-6.290688665789819986e-03,-1.202643650179683818e-02,-7.200694334048988662e-03,1.201213299769125081e-02
7.528489999999999682e+00,4.926773171094110948e-01,8.454987189087932731e-02,1.327595884073550225e-01,1.087100665912663355e-01,-2.671748423016220494e-02,-4.850620208594085513e-03,-2.198960719914111461e-02,-6.497545946064384355e-03,1.434637548529403388e-02
7.628890000000000171e+00,5.034323697620366467e-01,8.184014681954235315e-02,1.323489064548915850e-01,1.055797790722338286e-01,-2.727263428269896539e-02,-3.332042866392560462e-03,-3.118482312460367847e-02,-5.530564234343600047e-03,1.512850354149639955e-02
7.729309999999999903e+00,5.138313487008935310e-01,7.908124741610664254e-02,1.320886999030856102e-01,1.016154494254749158e-01,-2.769726186365181753e-02,-1.852461908070099274e-03,-3.949379029566243288e-02,-4.230261892982841235e-03,1.474001036750718918e-02
7.829720000000000013e+00,5.237927094697661934e-01,7.628881233721837574e-02,1.319703137486350764e-01,9.686042332992876591e-02,-2.794081833990978703e-02,-5.063318222148071451e-04,-4.737093536644598063e-02,-2.426379553563818691e-03,1.341053445565901399e-02
7.930060000000000109e+00,5.332405924026807353e-01,7.348302503999784574e-02,1.319778204334965122e-01,9.138462213219808450e-02,-2.796329912986530650e-02,6.558993224732969154e-04,-5.455150390450465292e-02,-2.239600848809388022e-04,1.157848039729150909e-02
8.030430000000000845e+00,5.421063231305431884e-01,7.068732907268750199e-02,1.320913599751623035e-01,8.526128846722548504e-02,-2.773975288734155387e-02,1.606327711285269457e-03,-6.100240828169062324e-02,2.227031859178115782e-03,9.468440524231472311e-03
8.130819999999999936e+00,5.503289352990156091e-01,6.792651673044400318e-02,1.322887437954898548e-01,7.857075861276802131e-02,-2.726825775041354788e-02,2.326460882188925456e-03,-6.665297959135162154e-02,4.697169943595192604e-03,7.174173434308502191e-03
8.231189999999999785e+00,5.578559732491932266e-01,6.522427912191382238e-02,1.325459166543492273e-01,7.140226827456183645e-02,-2.657267625344485878e-02,2.797598851759691523e-03,-7.141455917649475182e-02,6.929582608571334054e-03,4.693611739821992174e-03
8.331580000000000652e+00,5.646440552229041732e-01,6.260075402499368225e-02,1.328364065358520196e-01,6.384737535620203797e-02,-2.569994446460330956e-02,2.990288375258676797e-03,-7.526401263523184448e-02,8.694404684798552260e-03,1.919628363766802751e-03
8.431960000000000122e+00,5.706598297137739362e-01,6.007039930391396693e-02,1.331314601186787683e-01,5.601437045126218123e-02,-2.471629617757597347e-02,2.888528657865824766e-03,-7.803464410521629424e-02,9.799386689324856084e-03,-1.013759524903496681e-03
8.532349999999999213e+00,5.758800796446216230e-01,5.764082273239422294e-02,1.334004916348406067e-01,4.799688715361329766e-02,-2.369198273601191493e-02,2.471809774588191923e-03,-7.987247082623272210e-02,1.020450463579203673e-02,-4.151473175764968694e-03
8.632740000000000080e+00,5.802912713992183225e-01,5.531113164706477625e-02,1.336090276848080904e-01,3.989423070659386256e-02,-2.272612038661714004e-02,1.683182246942846677e-03,-8.072099019767597916e-02,9.622198071408967490e-03,-7.856533884278689081e-03
8.733119999999999550e+00,5.838857173418843249e-01,5.307656240491344379e-02,1.337263540318937294e-01,3.172357454066038196e-02,-2.179672050418174703e-02,6.544952727586840751e-04,-8.139842292357227227e-02,9.258948505386221939e-03,-1.024807502361053772e-02
8.833529999999999660e+00,5.866601068037162747e-01,5.092872886455268588e-02,1.337261203889605066e-01,2.355495442509717915e-02,-2.099794845194226378e-02,-6.591505087407154104e-04,-8.137813920513303767e-02,7.957596551279071811e-03,-1.308691648781898538e-02
8.933920000000000528e+00,5.886151043738860889e-01,4.885393561999461232e-02,1.335831616946141220e-01,1.539753991549837851e-02,-2.034142370366326738e-02,-2.189240618406846847e-03,-8.126650574083327250e-02,6.540488063004929950e-03,-1.524319703686241242e-02
9.034319999999999240e+00,5.897514221611093177e-01,4.683801200256524494e-02,1.332799055743353889e-01,7.243108262947314802e-03,-1.982499619228054663e-02,-3.853008481617425408e-03,-8.123678966239829269e-02,5.144799160214807814e-03,-1.657493320315118340e-02
9.134829999999999117e+00,5.900642244309942663e-01,4.486866463433516333e-02,1.328029517263661641e-01,-1.010656195827948009e-03,-1.941341176593812043e-02,-5.650093899288858787e-03,-8.222637160135370937e-02,4.100322241420523324e-03,-1.790308096273827976e-02
9.235260000000000247e+00,5.895518179594327890e-01,4.293517043725258303e-02,1.321552105215555439e-01,-9.198824617923692659e-03,-1.911063701990868557e-02,-7.255873862279395813e-03,-8.157288504809358243e-02,3.016328961514370705e-03,-1.599724108997173030e-02
9.335630000000000095e+00,5.882078459168872397e-01,4.102931146124057238e-02,1.313477626062739823e-01,-1.757924619912911574e-02,-1.886279175045701278e-02,-8.832182118066064791e-03,-8.348816622451234182e-02,2.469105742883625360e-03,-1.570363548002546086e-02
9.435940000000000438e+00,5.860284843722939341e-01,3.914832465407627055e-02,1.304027755587565673e-01,-2.584360481981572838e-02,-1.861506964373297809e-02,-9.996282521488953146e-03,-8.233191368442122071e-02,2.467878760424825711e-03,-1.159710248956384929e-02
9.536329999999999529e+00,5.830177507208101906e-01,3.729351979951973234e-02,1.293555170391554876e-01,-3.414398151272288184e-02,-1.834112749043906657e-02,-1.086989766223288995e-02,-8.269073606244801977e-02,2.729090393423043263e-03,-8.703204890104048602e-03
9.636710000000000775e+00,5.791755518940433500e-01,3.546887142737296245e-02,1.282370696890928752e-01,-4.241019448150987886e-02,-1.801421456937252891e-02,-1.141468966325603560e-02,-8.235038723267208705e-02,3.256800392495080940e-03,-5.427374350857284632e-03
9.737109999999999488e+00,5.745102385792231203e-01,3.368044245735576231e-02,1.270807399515146707e-01,-5.054418728626805524e-02,-1.761947132165449931e-02,-1.162468810689894563e-02,-8.103317199168387497e-02,3.932545584030907801e-03,-2.092064796485617294e-03
9.837469999999999715e+00,5.690283507115930783e-01,3.193538013412197674e-02,1.259167292826695594e-01,-5.868009482938277288e-02,-1.715015259345163343e-02,-1.156772894896645684e-02,-8.105224716500752935e-02,4.675487934921021549e-03,5.674434871081864094e-04
9.937870000000000203e+00,5.627681554746463144e-01,3.024003828152541790e-02,1.247751025761630606e-01,-6.605163029343295855e-02,-1.662881211027756809e-02,-1.117869718618467664e-02,-7.343735302442706836e-02,5.193743595956829689e-03,3.875646131046847805e-03
1.003825999999999929e+01,5.557937803130559296e-01,2.859890657672652797e-02,1.236824453225397330e-01,-7.290982580057388251e-02,-1.607003847591435483e-02,-1.059203344662965236e-02,-6.832331296846608226e-02,5.566663397007835801e-03,5.844512633554020502e-03
1.013869000000000042e+01,5.481637081599302075e-01,2.701424651218608738e-02,1.226549515577028265e-01,-7.911611371869992082e-02,-1.550363871817943620e-02,-9.880342412298095262e-03,-6.182882237186450303e-02,5.642637027873085610e-03,7.090070445623282598e-03
1.023910000000000053e+01,5.399492340438737381e-01,2.548506186553541053e-02,1.217013438668107378e-01,-8.455378613128455845e-02,-1.496471439041927379e-02,-9.119884876678162333e-03,-5.417165399822420485e-02,5.368918904912921806e-03,7.575896334726848168e-03
1.033948000000000000e+01,5.312479042036900578e-01,2.400434741407894701e-02,1.208209353357813931e-01,-8.881650676681415724e-02,-1.453789071276056534e-02,-8.421880313011538208e-03,-4.246644700857212656e-02,4.252140038974300956e-03,6.953721894798186448e-03
1.043988000000000049e+01,5.221427477754598812e-01,2.256465778997658253e-02,1.200088806268864855e-01,-9.259985898860163822e-02,-1.414731216971186305e-02,-7.757964068961473690e-03,-3.769084122054848496e-02,3.891055600222861031e-03,6.614124266339462509e-03
1.054019000000000084e+01,5.127055593346072637e-01,2.115734143129099215e-02,1.192565450706494085e-01,-9.543210327185192021e-02,-1.389286718067297630e-02,-7.232001618825954943e-03,-2.821563082682207457e-02,2.534854044516612632e-03,5.239788958021589574e-03
1.064058999999999955e+01,5.030306364077841152e-01,1.976747736804181435e-02,1.185485324939451329e-01,-9.733661741767844766e-02,-1.379958261260656564e-02,-6.874847570121322450e-03,-1.897331680070791018e-02,9.293276536799407713e-04,3.558071189745675659e-03
1.074097000000000079e+01,4.932075643927202879e-01,1.837825378300728466e-02,1.178674059838783900e-01,-9.838391078778685461e-02,-1.388010592489847747e-02,-6.696308186507181869e-03,-1.043343728262215511e-02,-8.021963592681843501e-04,1.778660607030620264e-03
1.084135000000000026e+01,4.833200411788758366e-01,1.697141821299117184e-02,1.171951999230723407e-01,-9.862078011642229358e-02,-1.415049391591943241e-02,-6.697111416048806033e-03,-2.359760268738109699e-03,-2.693682808284491616e-03,-8.002003340490978882e-06
1.094172000000000011e+01,4.734447948219279723e-01,1.552793588922546549e-02,1.165149551803516814e-01,-9.813929964039674880e-02,-1.461027689278780739e-02,-6.856475501578238908e-03,4.796646758968385431e-03,-4.580490041942079579e-03,-1.587630781336528711e-03
1.104213000000000022e+01,4.636496975376435681e-01,1.402907705270238156e-02,1.158124425327544393e-01,-9.702384396316852955e-02,-1.525384735875585582e-02,-7.140789941238404742e-03,1.111248975891141778e-02,-6.411433782809630721e-03,-2.832422088598881074e-03
1.114250999999999969e+01,4.539928381173593541e-01,1.245747521112310942e-02,1.150773050787627094e-01,-9.538496904823363931e-02,-1.605965030173938865e-02,-7.506510880565221526e-03,1.632694250443510880e-02,-8.027640303786928722e-03,-3.643417014100882277e-03
1.124288999999999916e+01,4.445227600998602480e-01,1.079796411086290236e-02,1.143037425481754910e-01,-9.330230402576414339e-02,-1.700540191488641648e-02,-7.906393234797907954e-03,2.074810698973223594e-02,-9.421849142124228554e-03,-3.983742838820978141e-03
1.134328999999999965e+01,4.352808154088030901e-01,9.037858133069726421e-03,1.134907636288529781e-01,-9.083950963553480418e-02,-1.806396041321206222e-02,-8.291865646507513149e-03,2.453506490525373188e-02,-1.054566372469649925e-02,-3.840186853600528142e-03
1.144368000000000052e+01,4.263029383703415554e-01,7.167340040870378605e-03,1.126421435108145436e-01,-8.804086846174398462e-02,-1.920531629184701536e-02,-8.616528946707531847e-03,2.788086700127613560e-02,-1.137051500255110287e-02,-3.234389023445664521e-03
1.154405999999999999e+01,4.176216119973293894e-01,5.179700954195503616e-03,1.117660491038073578e-01,-8.493086386846369906e-02,-2.039754636957551159e-02,-8.839279158368828701e-03,3.098275879403122879e-02,-1.187733838241378237e-02,-2.219101571146572111e-03
1.164445000000000086e+01,4.092678118302958690e-01,3.071424302786567636e-03,1.108743948446055949e-01,-8.151504823595748239e-02,-2.160896841360314055e-02,-8.926552377834909985e-03,3.402933618023874784e-02,-1.206853426164624168e-02,-8.694408727686526745e-04
1.174503999999999948e+01,4.012727173306850914e-01,8.421122137939312385e-04,1.099819994989655603e-01,-7.778380614653961078e-02,-2.280912593848571923e-02,-8.854044990170256701e-03,3.717170511849221537e-02,-1.195631388732399519e-02,7.223394163639470199e-04
1.184553999999999974e+01,3.936690296807524581e-01,-1.505713014760368812e-03,1.091056158382126551e-01,-7.371643337853132916e-02,-2.397029226816984812e-02,-8.607526372654068086e-03,4.052033545831313505e-02,-1.156787240446098021e-02,2.455889255355110483e-03
1.194590999999999958e+01,3.864918370337296905e-01,-3.966921209701841818e-03,1.082629131285830909e-01,-6.928607477304433993e-02,-2.506823327647216687e-02,-8.182966377062530355e-03,4.413650460242035667e-02,-1.093800359774595339e-02,4.229588588206325064e-03
1.204630000000000045e+01,3.797789630991474374e-01,-6.534153101667383723e-03,1.074714772760450715e-01,-6.446508069424071452e-02,-2.608276929694711491e-02,-7.586056069473668881e-03,4.802812735831991225e-02,-1.010709915932229280e-02,5.946591886602382859e-03
1.214667999999999992e+01,3.735702873908163801e-01,-9.198398240715744203e-03,1.067477911783654004e-01,-5.924013975283716482e-02,-2.700118092593037367e-02,-6.833081352670088843e-03,5.205236199661623930e-02,-9.149480369226302076e-03,7.501350344991847101e-03
1.224705999999999939e+01,3.679026538302393456e-01,-1.195148131112078876e-02,1.061060946655012632e-01,-5.368504622259676756e-02,-2.785282726080481192e-02,-5.952448495098182878e-03,5.534143688970760006e-02,-8.484345337703935036e-03,8.773117400277051503e-03
1.234742999999999924e+01,3.628206855259295538e-01,-1.478144503399199394e-02,1.055589883854522182e-01,-4.757100884018208159e-02,-2.853299519812368262e-02,-4.948411231015822573e-03,6.090979604542733072e-02,-6.776028301346328012e-03,1.000250753342834739e-02
1.244782000000000011e+01,3.583744236607203648e-01,-1.767327246788697598e-02,1.051164650126374805e-01,-4.101886604458417074e-02,-2.908543536749041980e-02,-3.868678589535715778e-03,6.527432797323978741e-02,-5.503567600062635005e-03,1.075660661894251545e-02
1.254822000000000060e+01,3.546028229942684296e-01,-2.061744087369471456e-02,1.047860788963528439e-01,-3.412867165910445089e-02,-2.957586678186474582e-02,-2.714124131631377723e-03,6.864209498293402656e-02,-4.885818577055035805e-03,1.150200303919607543e-02
1.264861999999999931e+01,3.515418659658516853e-01,-2.360659342220379486e-02,1.045742646225296252e-01,-2.685959407866481824e-02,-2.998172526100596064e-02,-1.506185104681183589e-03,7.241663816718485469e-02,-4.043278711200084044e-03,1.203383544537477319e-02
1.274900000000000055e+01,3.492247437669684373e-01,-2.662505519264404472e-02,1.044764709429582550e-01,-1.930807933211532018e-02,-3.015984055186889112e-02,-4.423123298804029855e-04,7.523035831761776260e-02,-1.774435673265118991e-03,1.059860607293278481e-02
1.284938999999999965e+01,3.476754548120372101e-01,-2.965722482580439301e-02,1.044830745228007007e-01,-1.156084356054255802e-02,-3.025484859024872575e-02,5.738858470887091799e-04,7.718018737006310248e-02,-9.464973598356282280e-04,1.012365803960429966e-02
1.294976999999999911e+01,3.469164234323365847e-01,-3.269654614158486183e-02,1.045912294879097343e-01,-3.562533559335664263e-03,-3.030233478359413077e-02,1.581055790997833253e-03,7.968146094147818270e-02,-4.730710937360964514e-04,1.003371618940951567e-02
1.305015000000000036e+01,3.469519522596878347e-01,-3.573559067446765991e-02,1.047909197493554906e-01,4.270430319640878408e-03,-3.024933380883945352e-02,2.397687659901751641e-03,7.803423539278919741e-02,5.280109297011126258e-04,8.135521173324765723e-03
1.315055000000000085e+01,3.477704329877016609e-01,-3.876673042318774104e-02,1.050667407387987640e-01,1.203744975771186415e-02,-3.014483532422909673e-02,3.097928137397102169e-03,7.737727793658522035e-02,1.041043910359490442e-03,6.975996710401137155e-03
1.325099999999999945e+01,3.493600901607306630e-01,-4.178529341690451204e-02,1.054061610752705519e-01,1.963579269574092928e-02,-2.999874731933954014e-02,3.664877575119239971e-03,7.569687420782157672e-02,1.455370653784276600e-03,5.648113097746006346e-03
1.335129000000000055e+01,3.516991423455260724e-01,-4.478761211260982866e-02,1.057952977294205760e-01,2.696882634871523160e-02,-2.982117460156998717e-02,4.088504602834386326e-03,7.305378692671936347e-02,1.769030404309383927e-03,4.220294094320613254e-03
1.345167000000000002e+01,3.547556153684812696e-01,-4.777100620797780639e-02,1.062193310373999028e-01,3.393009748908030337e-02,-2.962168271384531953e-02,4.360178547116603902e-03,6.935018202474529936e-02,1.987395469477456350e-03,2.706493843933829857e-03
1.355197000000000074e+01,3.584890547647900938e-01,-5.073367916568802954e-02,1.066632596186768006e-01,4.045709315230942155e-02,-2.940831475475473925e-02,4.484909453844252575e-03,6.502380501959935388e-02,2.125632876929439783e-03,1.242605109218645988e-03
1.365234000000000059e+01,3.628403434350422341e-01,-5.367452999289242660e-02,1.071107572471013680e-01,4.624048125315259605e-02,-2.918688605322642890e-02,4.431290292186185892e-03,5.761577295668825205e-02,2.205936307731017239e-03,-5.341694851446528863e-04
1.375272000000000006e+01,3.677598397410325459e-01,-5.659317016372190923e-02,1.075484759549262814e-01,5.177838840765411343e-02,-2.896577688159012939e-02,4.290068623795367971e-03,5.517022127954042399e-02,2.202753059193977847e-03,-1.406890812218505394e-03
1.385309999999999953e+01,3.732036451793919185e-01,-5.948980387132386805e-02,1.079656385874788738e-01,5.668711751651846903e-02,-2.874841664159841909e-02,4.021719243133359788e-03,4.890216892084108674e-02,2.165405125647335872e-03,-2.673373586503051142e-03
1.395350000000000001e+01,3.791072061525794790e-01,-6.236497808597467329e-02,1.083501946552867801e-01,6.093882172056997587e-02,-2.853820561987271964e-02,3.640396701915206683e-03,4.235669815482631662e-02,2.094182560388006386e-03,-3.798844652132096593e-03
1.405386999999999986e+01,3.854038132399594807e-01,-6.521952332805144859e-02,1.086916011601963827e-01,6.451839402155523651e-02,-2.833739314484175903e-02,3.161982571210430765e-03,3.566072713424649904e-02,2.000551539428529774e-03,-4.766098946383881714e-03
1.415422000000000047e+01,3.920259307717335884e-01,-6.805443621576318103e-02,1.089809780451169996e-01,6.742447875489838982e-02,-2.814703931666812445e-02,2.603728672712197177e-03,2.895125059388382882e-02,1.896359496242270822e-03,-5.561485639079107035e-03
1.425461999999999918e+01,3.989065325658541772e-01,-7.087076832851163521e-02,1.092112141148460364e-01,6.966858291171761086e-02,-2.796717911355901809e-02,1.983627004841176898e-03,2.235641000326543670e-02,1.791818990111918811e-03,-6.177630877117097630e-03
1.435499000000000080e+01,4.059803297228501973e-01,-7.366953040416297782e-02,1.093770129539484298e-01,7.127381411667076117e-02,-2.779696380709599859e-02,1.319844283490082676e-03,1.599177420482774184e-02,1.695733760197889062e-03,-6.612794074871362546e-03
1.445529999999999937e+01,4.131848610423459744e-01,-7.645161231615643649e-02,1.094748847553762422e-01,7.227340544582133708e-02,-2.763483395344322469e-02,6.302096958041952498e-04,9.958215852990620273e-03,1.615184157569735015e-03,-6.870337790644984177e-03
1.455569000000000024e+01,4.204614077846623443e-01,-7.921770872426950327e-02,1.095030929746049070e-01,7.270869075930981584e-02,-2.747845944732920168e-02,-6.817293594908767958e-05,4.336437284863697145e-03,1.557847732744460601e-03,-6.957488317639477608e-03
1.465606999999999971e+01,4.277562064975017342e-01,-8.196826378430172033e-02,1.094614923885914026e-01,7.263706818860607428e-02,-2.732517920890475613e-02,-7.607010309456824519e-04,-7.135246157248011090e-04,1.527021749503964469e-03,-6.899163741342972077e-03
1.475639999999999930e+01,4.350203395722295752e-01,-8.470344343209157412e-02,1.093514850751125117e-01,7.209769097433940677e-02,-2.717211090373334789e-02,-1.431147859862958848e-03,-5.373430690336814843e-03,1.524910409580688356e-03,-6.679183828039772161e-03
1.485679000000000016e+01,4.422094879347285290e-01,-8.742310388649369990e-02,1.091760327956696891e-01,7.114302971853565805e-02,-2.701596588719508071e-02,-2.064664117769092130e-03,-9.510609560668518286e-03,1.555561491692995357e-03,-6.311270875037595235e-03
1.495717999999999925e+01,4.492854037213379059e-01,-9.012677710167073253e-02,1.089392953392422925e-01,6.984158010299643116e-02,-2.685357196796221702e-02,-2.652228922100119748e-03,-1.296541478040270055e-02,1.617814854704875639e-03,-5.853489299592729012e-03
1.505756000000000050e+01,4.562163408454348867e-01,-9.281368883982234197e-02,1.086462585890314997e-01,6.825439158558369024e-02,-2.668200059284644293e-02,-3.186403579719833748e-03,-1.581202777060433315e-02,1.709243305510825886e-03,-5.321601327109114557e-03
1.515792000000000073e+01,4.629762541655079722e-01,-9.548275456316913934e-02,1.083028101385942743e-01,6.643400361287786493e-02,-2.649799772004817963e-02,-3.656660588784567054e-03,-1.813522770730429182e-02,1.833089455120188917e-03,-4.684835358293664744e-03
1.525827999999999918e+01,4.695439973884298346e-01,-9.813207705117596436e-02,1.079171597960080220e-01,6.442548420690900890e-02,-2.628862503341895460e-02,-4.027258315388293312e-03,-2.000944706728782080e-02,2.085830825429568335e-03,-3.692000969319716042e-03
1.535865000000000080e+01,4.759046633341716959e-01,-1.007601848969802705e-01,1.074959619551819068e-01,6.230807701813546873e-02,-2.607530500526408779e-02,-4.364929358596933429e-03,-2.109421842664334704e-02,2.125155375184541087e-03,-3.363975894462389524e-03
1.545903000000000027e+01,4.820490753787765592e-01,-1.033658122951616465e-01,1.070449506047635724e-01,6.011671728632572709e-02,-2.584071168448816638e-02,-4.621279802363356150e-03,-2.183095489579403928e-02,2.337086024887445341e-03,-2.553836731662388528e-03
1.555954000000000015e+01,4.879719772791781818e-01,-1.059467794205527641e-01,1.065721391690436226e-01,5.789458169204461657e-02,-2.558395956782860345e-02,-4.799286777906426604e-03,-2.213755287500244334e-02,2.557838312363943083e-03,-1.773356604945991758e-03
1.566019999999999968e+01,4.936739804825090450e-01,-1.085002785125948332e-01,1.060865950651636996e-01,5.571540478405699603e-02,-2.529342281318638225e-02,-4.874972795137253768e-03,-2.170958610658819954e-02,2.894410577183776506e-03,-7.540058368435615440e-04
1.576057999999999915e+01,4.991571674186505714e-01,-1.110241048778414369e-01,1.055956154669722702e-01,5.353476071866905550e-02,-2.499274311814793023e-02,-4.907586688166265532e-03,-2.172420234990352084e-02,2.995457461949680312e-03,-3.249089674129432108e-04
1.586098999999999926e+01,5.044276689473717878e-01,-1.135159735225147876e-01,1.051062037620266593e-01,5.147773858166682787e-02,-2.465667883520791109e-02,-4.843733189668405353e-03,-2.049264520136960532e-02,3.347968887286219969e-03,6.361268875257687942e-04
1.596137000000000050e+01,5.094936282455323484e-01,-1.159735214090275995e-01,1.046253341533245201e-01,4.945934384864521249e-02,-2.430891662219106936e-02,-4.737389056896532460e-03,-2.010782791108108036e-02,3.464507025764453421e-03,1.059430787321160618e-03
1.606174999999999997e+01,5.143632647645544065e-01,-1.183948730165500368e-01,1.041585642539340217e-01,4.756609078219669468e-02,-2.393548338512832552e-02,-4.562802483898692300e-03,-1.886113069433264719e-02,3.720249138727401653e-03,1.739281572624063691e-03
1.616213000000000122e+01,5.190498661031767158e-01,-1.207774907165594797e-01,1.037124678505112613e-01,4.581244579749518819e-02,-2.353716000407017270e-02,-4.325478450473889749e-03,-1.747031489560011905e-02,3.968211900398164148e-03,2.364290168417955591e-03
1.626250999999999891e+01,5.235677154374971387e-01,-1.231189425595746179e-01,1.032929981023874150e-01,4.420377893443441786e-02,-2.311527120887622508e-02,-4.032277712069980147e-03,-1.602600121744282222e-02,4.202977322812098335e-03,2.920949948378893154e-03
1.636282999999999888e+01,5.279320459444375446e-01,-1.254169004958462508e-01,1.029055426371044413e-01,4.275364851511310321e-02,-2.267056242761937915e-02,-3.687607493391893178e-03,-1.444661564127485733e-02,4.430316576714696947e-03,3.433703690297651694e-03
1.646322999999999936e+01,5.321588696467595136e-01,-1.276691404426951171e-01,1.025549440878659041e-01,4.146401438924215282e-02,-2.220435973183536998e-02,-3.297919349922316667e-03,-1.284770547951725669e-02,4.644445125197693008e-03,3.882185183937960585e-03
1.656353000000000009e+01,5.362644873680763036e-01,-1.298735753149228012e-01,1.022454286429029385e-01,4.033867094112891100e-02,-2.171806666647583053e-02,-2.869044129832817522e-03,-1.121099457173493734e-02,4.844591155845534916e-03,4.272578093768899729e-03
1.666392000000000095e+01,5.402623813905326200e-01,-1.320285606811081869e-01,1.019803443139322557e-01,3.931766554756819382e-02,-2.121909937466201837e-02,-2.412648278160344460e-03,-1.017154891167896397e-02,4.970855439178807622e-03,4.546746528129740408e-03
1.676429999999999865e+01,5.441680946262699159e-01,-1.341322992979741002e-01,1.017626416232634695e-01,3.850200800723260763e-02,-2.069699700209416335e-02,-1.924985157093551643e-03,-8.125814632349253122e-03,5.201333756873798703e-03,4.858240044211792862e-03
1.686465000000000103e+01,5.479990565628076737e-01,-1.361829013129689792e-01,1.015949092195890385e-01,3.782827773274585748e-02,-2.016037520270276551e-02,-1.417011582214457773e-03,-6.711894455642099938e-03,5.345980456133765484e-03,5.060578617223384854e-03
1.696502999999999872e+01,5.517690755646615930e-01,-1.381789990357344677e-01,1.014788988342206350e-01,3.728774597714198252e-02,-1.961102218197273775e-02,-8.944459604774383657e-04,-5.384932562663814239e-03,5.472812538871056794e-03,5.205948778118696385e-03
1.706540999999999997e+01,5.555006967072367852e-01,-1.401211876441506021e-01,1.014169570948071503e-01,3.706321673263669042e-02,-1.908625904847230381e-02,-3.397168286560834196e-04,-2.236824807186583736e-03,5.227841021319900271e-03,5.526370901309608612e-03
1.716585999999999856e+01,5.592208143896261197e-01,-1.420125916158291590e-01,1.014130895632212731e-01,3.705854442997778136e-02,-1.859915991406327698e-02,2.626579082208779694e-04,-4.654682073666958323e-05,4.852621447178724276e-03,6.001030100277707224e-03
1.726624999999999943e+01,5.629525488570975567e-01,-1.438565625184740071e-01,1.014717499433314962e-01,3.729467623011839539e-02,-1.814117534029613746e-02,9.061251936742807439e-04,2.352412798091840351e-03,4.562573833837328501e-03,6.410405868894507656e-03
1.736659999999999826e+01,5.667113766232282357e-01,-1.456531282151248274e-01,1.015936290084634291e-01,3.759836687210910133e-02,-1.765463136509057285e-02,1.522263295001161781e-03,3.025453380079486977e-03,4.847090791780225665e-03,6.138144689068853951e-03
1.746695000000000064e+01,5.704963920989012394e-01,-1.473982671190301463e-01,1.017745833245148196e-01,3.781645519460818256e-02,-1.711651838729541866e-02,2.083174419832409426e-03,2.172658492654184863e-03,5.360836003582893430e-03,5.587957690829384316e-03
1.756735000000000113e+01,5.743006334933891122e-01,-1.490877918680386105e-01,1.020104066357554601e-01,3.798143511999656913e-02,-1.654654300378965298e-02,2.615504666343543543e-03,1.643577390596164586e-03,5.678258438540835853e-03,5.303226774024006641e-03
1.766775000000000162e+01,5.781147990107619039e-01,-1.507178309204788014e-01,1.022973909335354870e-01,3.801418911837867176e-02,-1.593129120631199547e-02,3.102535297330229896e-03,3.263047371715867111e-04,6.129315075621332744e-03,4.851938996414659200e-03
1.776814999999999856e+01,5.819217247670845916e-01,-1.522832454914816447e-01,1.026301445187286360e-01,3.783718596304634640e-02,-1.525892772187714165e-02,3.527438234004115925e-03,-1.763356259760259738e-03,6.698278100672249401e-03,4.233005065743995071e-03
1.786854999999999905e+01,5.856976497319563713e-01,-1.537779651146080062e-01,1.030019028932962766e-01,3.739651154579903131e-02,-1.452272446480583519e-02,3.879689121227086930e-03,-4.390125083986745440e-03,7.334268247225306757e-03,3.509224487125773770e-03
1.796893000000000029e+01,5.894135007641334578e-01,-1.551953076138459509e-01,1.034048107189216442e-01,3.664023842765636724e-02,-1.371722146794327087e-02,4.148077785966804674e-03,-7.534209966265591023e-03,8.024652154400515117e-03,2.673764945765584253e-03
1.806932000000000116e+01,5.930360580007139060e-01,-1.565282572562676777e-01,1.038301345877227638e-01,3.553767238382699034e-02,-1.284123271889326366e-02,4.326319238964850857e-03,-1.098407952974238266e-02,8.726851457629180089e-03,1.775692536682506751e-03
1.816969999999999885e+01,5.965295319430802268e-01,-1.577697740126227377e-01,1.042686152716769815e-01,3.406830874136987375e-02,-1.189546013616468029e-02,4.410221727019019398e-03,-1.463822253296106352e-02,9.422058047117090260e-03,8.358606785398718696e-04
1.826998000000000033e+01,5.998499919622233278e-01,-1.589128305800298346e-01,1.047084549422973992e-01,3.209044361585703525e-02,-1.087945536873676650e-02,4.353396469766160695e-03,-1.970406032302852994e-02,1.012173123821746672e-02,-5.661095300882188408e-04
1.837040999999999968e+01,6.029558944176236501e-01,-1.599514367354368527e-01,1.051383960097940218e-01,2.979334062123366322e-02,-9.814330141741507002e-03,4.212996273625846042e-03,-2.288439964405178037e-02,1.061108336133500737e-02,-1.398707069773775201e-03
1.847075999999999851e+01,6.058180308356211352e-01,-1.608787082187919104e-01,1.055522846805189846e-01,2.723350909212723589e-02,-8.661159423417299358e-03,4.033559297617482671e-03,-2.550177674689780780e-02,1.148821782815889758e-02,-1.787602680204935894e-03
1.857110000000000127e+01,6.084053388409513818e-01,-1.616895346900028563e-01,1.059424394346858284e-01,2.431750149365633287e-02,-7.494212845565380830e-03,3.740108089764740580e-03,-2.905010502563072985e-02,1.162545689650295970e-02,-2.923445196950304800e-03
1.867150000000000176e+01,6.106867948324120610e-01,-1.623831287766321629e-01,1.062987616880001623e-01,2.113953791737983173e-02,-6.325354066608432357e-03,3.359461120671292621e-03,-3.165978569701678735e-02,1.164450679299855809e-02,-3.792114408635692633e-03
1.877189999999999870e+01,6.126486562102685385e-01,-1.629635380555775059e-01,1.066142928520030370e-01,1.794971486944241246e-02,-5.239053735384155940e-03,2.927363000054395824e-03,-3.177793315914235334e-02,1.082203583008172279e-02,-4.304685554276601982e-03
1.887228999999999957e+01,6.142926212587309642e-01,-1.634378799042747188e-01,1.068855170218807882e-01,1.480558888308777452e-02,-4.212005671958995827e-03,2.476663124273998252e-03,-3.132268590977349554e-02,1.023174772401721014e-02,-4.490001580697153966e-03
