time,x_des,y_des,z_des,vx_des,vy_des,vz_des
0.000000000000000000e+00,3.078807153226256754e-01,1.041514517212300010e-03,4.842586213893356195e-01,-3.243211110896973155e-06,-3.997624226228147540e-05,-4.126233662373333914e-06
1.004199999999999954e-01,3.078803898370396364e-01,1.037502539516287590e-03,4.842582072844451857e-01,-1.586967159166330159e-06,-4.124317176403387514e-05,2.897894632197729927e-06
2.007999999999999785e-01,3.078803967895927252e-01,1.033236266137849482e-03,4.842592030492401944e-01,5.854262854663893561e-07,-4.084870504913671441e-05,1.088478240557801864e-05
3.011599999999999833e-01,3.078805073426913452e-01,1.029303465051364464e-03,4.842603920572885468e-01,6.744694937259830892e-07,-2.034996829291324524e-05,1.312141831143791634e-05
4.015199999999999880e-01,3.078805321678280138e-01,1.029151659167035692e-03,4.842618367553929715e-01,-5.594129243263311871e-06,-1.966179498633772619e-05,-2.471060860880925537e-06
5.018799999999999928e-01,3.078793844996984830e-01,1.025356986919117230e-03,4.842598960706475664e-01,-4.223496268495830961e-06,-1.697599811119378864e-05,-7.893542216582477173e-06
6.022499999999999520e-01,3.078796844356816442e-01,1.025744269080553286e-03,4.842602523785969892e-01,-1.715261225661684104e-06,-2.613774859014407346e-05,-9.976279245011056832e-06
7.026200000000000223e-01,3.078790402157242645e-01,1.020110667683825833e-03,4.842578936508324383e-01,-2.513023706792480779e-06,-2.095413466764406386e-05,-9.304791343122900758e-07
8.029800000000000271e-01,3.078791800263379619e-01,1.021538394982919639e-03,4.842600656145930604e-01,-6.233477026546069225e-07,-3.579639996349737604e-06,1.287671397062136342e-05
9.033600000000000518e-01,3.078789150985577483e-01,1.019392169145074507e-03,4.842604782403948649e-01,-1.008123343892988515e-06,-1.902377683788009563e-05,1.856966324722329995e-06
1.003720000000000168e+00,3.078789776777358100e-01,1.017719978641196338e-03,4.842604383413455227e-01,4.582866449935476254e-06,1.537116160408819344e-05,1.257166485021240582e-05
1.104080000000000172e+00,3.078798349628041331e-01,1.022477439497040041e-03,4.842630016010774363e-01,-6.047816178639663995e-06,-2.801883869655355373e-05,-1.857464717638068120e-05
1.204460000000000086e+00,3.078777637715632842e-01,1.012096090573817633e-03,4.842567100734561092e-01,-9.899586751488609215e-08,-4.425994707894754807e-06,-2.237630552201881247e-06
1.304830000000000156e+00,3.078798150925416977e-01,1.021589062248661351e-03,4.842625524681244964e-01,5.841870638366220972e-06,2.370757953312003897e-05,1.494621546463716394e-05
1.405200000000000005e+00,3.078789363407382629e-01,1.016854630893304374e-03,4.842597100494263618e-01,-1.041490156581956248e-05,-1.591189378374332654e-05,-2.471336558467226473e-05
1.505530000000000035e+00,3.078777246332877193e-01,1.018395257160986580e-03,4.842575920483397356e-01,4.248892495412843687e-05,1.198882979327826941e-04,1.794928893264247398e-04
1.605890000000000040e+00,3.078874646370260981e-01,1.040918382266606441e-03,4.842957375211354720e-01,7.952229337969156841e-05,-1.587965649923146815e-04,3.477357574035629399e-04
1.706250000000000044e+00,3.078936861969225336e-01,9.865219123492026659e-04,4.843273889088678397e-01,8.070636317907163766e-05,-5.035945162584428998e-04,3.324376581694569663e-04
1.806630000000000180e+00,3.079036638649013113e-01,9.398378477927926819e-04,4.843624637762516949e-01,1.928275278492347421e-04,-2.685657956291188637e-04,8.413517293271582931e-04
1.906989999999999963e+00,3.079323901719401291e-01,9.326158961255376269e-04,4.844962634294101012e-01,3.426601024220418245e-04,2.406390857008963962e-04,1.385736053962425716e-03
2.007340000000000124e+00,3.079724419496052690e-01,9.881384678604137727e-04,4.846406060841045305e-01,1.466123326736292485e-03,3.894812643520214213e-03,-1.082830465929512107e-03
2.107709999999999972e+00,3.082266676604483169e-01,1.714375289788892288e-03,4.842789197556666148e-01,6.577346769864873648e-03,1.435488687166048237e-02,-1.033857295856419403e-02
2.208060000000000134e+00,3.092926344962936835e-01,3.869424086455049497e-03,4.825654673631501468e-01,1.769393508134134083e-02,3.030313019690537846e-02,-2.684716746445791474e-02
2.308450000000000113e+00,3.117781606914984960e-01,7.796762006964365332e-03,4.788902073118188052e-01,3.407745242925883100e-02,5.037343852776512282e-02,-4.641467031750807354e-02
2.408800000000000274e+00,3.161325960007349001e-01,1.398028495821486070e-02,4.732492029248935306e-01,5.762171508070813852e-02,7.709063984607263109e-02,-6.378736706457986683e-02
2.509160000000000057e+00,3.233438818612395793e-01,2.327024876465235564e-02,4.660869281906137584e-01,9.373121281394432291e-02,1.079368824045478653e-01,-7.343642650568898977e-02
2.609510000000000218e+00,3.349461469474454556e-01,3.564517091437913870e-02,4.585091829258819973e-01,1.416659919212101826e-01,1.304197289907948476e-01,-6.968921303152783575e-02
2.709859999999999935e+00,3.517788105942802335e-01,4.944784897019961073e-02,4.520990417604302536e-01,1.912755711508336565e-01,1.356836110437058263e-01,-5.651410492825215126e-02
2.810230000000000228e+00,3.733386161652555990e-01,6.287932752421078464e-02,4.471657791614825905e-01,2.324112825989337883e-01,1.310306618397828471e-01,-5.059136818321954138e-02
2.910579999999999945e+00,3.984279616561012816e-01,7.574807445642332826e-02,4.419444384622939759e-01,2.619954407806961427e-01,1.297193357494984545e-01,-6.230369044823846209e-02
3.010940000000000172e+00,4.259258432474194445e-01,8.891634612911218649e-02,4.346603007917240191e-01,2.812868188298364713e-01,1.341834152336305597e-01,-8.410680872422052201e-02
3.111320000000000086e+00,4.548873174866702729e-01,1.026811146136287073e-01,4.250626796181050104e-01,2.916345578718332887e-01,1.376467197212882798e-01,-1.066330212382475967e-01
3.211699999999999999e+00,4.844621775977938638e-01,1.165445341828016956e-01,4.132571233715233161e-01,2.946083214697347019e-01,1.365319919792822578e-01,-1.303749582662144246e-01
3.312079999999999913e+00,5.140205400162646265e-01,1.300855566329254809e-01,3.988940657073311580e-01,2.932147955263570416e-01,1.333649893639917983e-01,-1.545702310461296858e-01
3.412450000000000205e+00,5.433156942477327389e-01,1.433133014544623329e-01,3.822320802793831573e-01,2.909321576388539943e-01,1.300986359853248675e-01,-1.716293690167046415e-01
3.512809999999999988e+00,5.724158899264358835e-01,1.561987076604915148e-01,3.644449448540993397e-01,2.889559551087935163e-01,1.246034337997264929e-01,-1.790766050356338845e-01
3.613170000000000215e+00,6.013143845408550625e-01,1.683234659402192135e-01,3.462881643621802952e-01,2.844309160192324826e-01,1.149065119171192861e-01,-1.846392063032741837e-01
3.713529999999999998e+00,6.295063229710757824e-01,1.792625244101230531e-01,3.273845141793981228e-01,2.722498556330503194e-01,1.034595615142892694e-01,-1.958912283343826333e-01
3.813870000000000093e+00,6.559598582887952167e-01,1.890896725542004775e-01,3.069692492042368492e-01,2.496874691421187842e-01,9.408178387604604342e-02,-2.133404550818459311e-01
3.914219999999999811e+00,6.796231173710904905e-01,1.981464413143336489e-01,2.845632233822346646e-01,2.194666094962274827e-01,8.607152535299415763e-02,-2.339548053827733842e-01
4.014569999999999972e+00,7.000107791603199514e-01,2.063657855871552926e-01,2.600102851819368066e-01,1.881124351380972781e-01,7.512321978198126249e-02,-2.533026510694205702e-01
4.114919999999999689e+00,7.173806879383826107e-01,2.132250312548553406e-01,2.337207965346176086e-01,1.608886168797757088e-01,6.019181558631522128e-02,-2.633497823008909555e-01
4.215269999999999406e+00,7.323040366520564559e-01,2.184473724471908684e-01,2.071512172430883536e-01,1.379208715592606938e-01,4.606869049719018727e-02,-2.563579280031748064e-01
4.315659999999999386e+00,7.450639032281014540e-01,2.224718512809394089e-01,1.822651203058835712e-01,1.149667651942650748e-01,3.765868719531766107e-02,-2.350059256877537195e-01
4.416039999999999743e+00,7.553799473249954710e-01,2.260061525895293577e-01,1.599812743503012391e-01,8.784300317330190344e-02,3.341384953913206779e-02,-2.138831570643022484e-01
4.516419999999999213e+00,7.626955839233405809e-01,2.291786156741198732e-01,1.393348993979352524e-01,5.647947359997459310e-02,2.608409193731898654e-02,-2.053854619873249077e-01
4.616769999999999818e+00,7.667163999549825304e-01,2.312417019634133430e-01,1.187566946525831640e-01,2.542712990496894671e-02,9.954468821736285958e-03,-2.052425714273018731e-01
4.717119999999999536e+00,7.677992691263191283e-01,2.311766577425280189e-01,9.813900042193293705e-02,8.665650926258367101e-04,-1.289177277220621490e-02,-1.956339591997221239e-01
4.817499999999999893e+00,7.668903352539007123e-01,2.286540898269443789e-01,7.948941806653742059e-02,-1.333257105242829747e-02,-3.306018508398077954e-02,-1.625394629903373633e-01
4.917879999999999363e+00,7.651231807965607201e-01,2.245408802068230569e-01,6.551438823549210477e-02,-1.739078787430781842e-02,-4.061288507597479031e-02,-1.089839328061470852e-01
5.018180000000000085e+00,7.633996893542666085e-01,2.205023486989763637e-01,5.761437014315991256e-02,-1.452589400550229233e-02,-3.275002261844608964e-02,-5.188252727828692595e-02
5.118539999999999424e+00,7.622075709509749109e-01,2.179673578918915333e-01,5.510062593699618233e-02,-8.586748938374955814e-03,-1.598190259904930591e-02,-8.326584568264202776e-03
5.218879999999999519e+00,7.616761734221789704e-01,2.172944915749101258e-01,5.594307390912860167e-02,-2.693377498234909764e-03,-1.180819428695614433e-03,1.434902568886397764e-02
5.319219999999999615e+00,7.616669613369464464e-01,2.177303460597206641e-01,5.798073511011615083e-02,7.317415094766625177e-04,4.365184110219893360e-03,1.843126091637326686e-02
5.419550000000000090e+00,7.618230471876522580e-01,2.181706630356636534e-01,5.964256158086730236e-02,-1.562846819236452065e-04,1.485505254129637067e-03,9.933629716216063263e-03
5.519859999999999545e+00,7.616355921725316280e-01,2.180285138518695820e-01,5.997459439285857813e-02,-5.975236555876134274e-03,-3.273203607878243538e-03,-6.109537458475886550e-03
5.620169999999999888e+00,7.606237090591062566e-01,2.175136718265771874e-01,5.841626683032319356e-02,-1.517109976223687470e-02,-4.104977089541118548e-03,-2.609122807465076577e-02
5.720529999999999227e+00,7.585904778533449910e-01,2.172045706499133588e-01,5.473761266704801898e-02,-2.406933547970933548e-02,-5.687001167792478384e-04,-4.601372078151374362e-02
5.820889999999999453e+00,7.557925577733564104e-01,2.173995234196674786e-01,4.918048022112724016e-02,-2.856548927342422717e-02,3.148873814277575872e-03,-6.073793682341633443e-02
5.921240000000000059e+00,7.528568671208129004e-01,2.178366066190549066e-01,4.254640938993185795e-02,-2.656173579844847005e-02,2.871986559177474273e-03,-6.543131477795742501e-02
6.021579999999999266e+00,7.504611366311898513e-01,2.179759831050511187e-01,3.604723103839370391e-02,-1.941205044343764438e-02,-1.528792903607531202e-03,-5.786670683179766239e-02
6.121950000000000003e+00,7.489605172387019394e-01,2.175297502121493198e-01,3.093151394139641297e-02,-1.133358918765517941e-02,-6.050057682360222323e-03,-3.971032011504166404e-02
6.222349999999999604e+00,7.481862801432631604e-01,2.167616270221573715e-01,2.807665103451075991e-02,-7.142032268394339287e-03,-6.043596078727492445e-03,-1.598439211160421203e-02
6.322669999999999568e+00,7.475269820916511376e-01,2.163166910900596873e-01,2.772315712710022792e-02,-9.687881656270698125e-03,-1.807543203505641209e-04,6.952986776513892658e-03
6.423059999999999548e+00,7.462417469441916529e-01,2.167253463584098150e-01,2.947224132961775295e-02,-1.839769385270571822e-02,8.216843712304262165e-03,2.380804636693520729e-02
6.523439999999999905e+00,7.438342319371543665e-01,2.179659603479903451e-01,3.250186295858336488e-02,-2.960772495513583347e-02,1.323880394229388566e-02,3.199466948598370802e-02
6.623799999999999244e+00,7.402989406458742039e-01,2.193826139319795532e-01,3.589415059897237831e-02,-3.833123587388518466e-02,1.015854913163373452e-02,3.203475946128322982e-02
6.724159999999999471e+00,7.361404591018962940e-01,2.200049650284485181e-01,3.893181901160915753e-02,-4.046147619046694399e-02,-1.627876895771451261e-03,2.670839989105408194e-02
6.824510000000000076e+00,7.321775900217284416e-01,2.190558695744264095e-01,4.125500987914496043e-02,-3.449696956407147241e-02,-1.817397040331026822e-02,1.953155254368033750e-02
6.924879999999999924e+00,7.292162929152380402e-01,2.163571202196398480e-01,4.285215512822684175e-02,-2.216210050681041710e-02,-3.296173073538841147e-02,1.325860205526383472e-02
7.025239999999999263e+00,7.277292553159924182e-01,2.124398536085076450e-01,4.391625129233361208e-02,-7.830893991277905475e-03,-3.998039332030445259e-02,9.006250559974131667e-03
7.125619999999999621e+00,7.276444907520073224e-01,2.083323316351356480e-01,4.465987262874878544e-02,2.936863337315429989e-03,-3.620299467177396507e-02,6.278951793134660009e-03
7.225969999999999338e+00,7.283187369450180304e-01,2.051732573036790519e-01,4.517655056624319404e-02,5.230727162499919890e-03,-2.249969721278440374e-02,3.745039846857718853e-03
7.326329999999999565e+00,7.286943923696826975e-01,2.038162351600102673e-01,4.541156991123435765e-02,-3.703631316426300724e-03,-2.874068018729337981e-03,3.032133220028629438e-04
7.426779999999999937e+00,7.275753511040844446e-01,2.045963798316889348e-01,4.523741096813029688e-02,-2.367378991616921405e-02,1.724309442311660126e-02,-4.109108312955851543e-03
7.527129999999999654e+00,7.239426342379100543e-01,2.072772363107388272e-01,4.458679749796365388e-02,-5.175377071597653256e-02,3.282524700692731473e-02,-8.352197139643965235e-03
7.627429999999999488e+00,7.171874325781379955e-01,2.111850010429500712e-01,4.356097382743552571e-02,-8.345292225932264552e-02,4.059597850010069481e-02,-1.061905059302481122e-02
7.727819999999999467e+00,7.071921222425711084e-01,2.154255839829198882e-01,4.245536183912784062e-02,-1.139178378946844039e-01,3.931508507210571685e-02,-9.307787916464107386e-03
7.828159999999999563e+00,6.943220605998089434e-01,2.190762502199614936e-01,4.169273232163989151e-02,-1.394071090143267355e-01,2.960378072141437236e-02,-3.902807169083421200e-03
7.928480000000000416e+00,6.792105921947225733e-01,2.213675986021388098e-01,4.167199779948303762e-02,-1.582911318464295392e-01,1.338323643032603497e-02,4.587023410213189774e-03
8.028819999999999624e+00,6.625501653687441150e-01,2.217625080081073174e-01,4.261343094519340347e-02,-1.708495426437921239e-01,-6.903894761671409801e-03,1.384236959953305188e-02
8.129139999999999588e+00,6.449179966093916416e-01,2.199818619629761718e-01,4.445041192499907257e-02,-1.789423454275725911e-01,-2.878512432109731414e-02,2.095385212832019325e-02
8.229509999999999437e+00,6.266331977849780577e-01,2.159848125461128754e-01,4.681924833207078834e-02,-1.849118959337975876e-01,-5.001475319496335309e-02,2.335937181099490695e-02
8.329829999999999401e+00,6.078028321901620679e-01,2.099429957297141991e-01,4.913906065209552865e-02,-1.907864121811680969e-01,-6.879349996527005240e-02,1.972523548619271178e-02
8.430199999999999250e+00,5.883389116261571461e-01,2.021767119407338054e-01,5.077846012091196543e-02,-1.974910258518501327e-01,-8.375431788112126796e-02,1.039034226374515278e-02
8.530569999999999098e+00,5.681628087141278316e-01,1.931319881778195136e-01,5.122459040962415444e-02,-2.043659788544275324e-01,-9.392479329302665103e-02,-2.721587664403423042e-03
8.630900000000000460e+00,5.473189606458562784e-01,1.833243058880647536e-01,5.023218821592947275e-02,-2.097613721044571111e-01,-9.892420884381922241e-02,-1.661897744350419176e-02
8.731249999999999289e+00,5.260599046519282007e-01,1.732761089346849248e-01,4.788886083322113629e-02,-2.112839406458742741e-01,-9.889507133010674855e-02,-2.808883272839594186e-02
8.831680000000000419e+00,5.049104495189036257e-01,1.634742750713212567e-01,4.459425107946802386e-02,-2.060678331358220261e-01,-9.432723438134713034e-02,-3.443654004062227103e-02
8.931989999999998986e+00,4.846983607137889671e-01,1.543429256714062558e-01,4.097682394569351211e-02,-1.921252651874943707e-01,-8.634890793799020192e-02,-3.422550869879762564e-02
9.032329999999999970e+00,4.663474313284736161e-01,1.461424863329329471e-01,3.772457200191189214e-02,-1.685782040578731322e-01,-7.650895202766677672e-02,-2.752759840990014542e-02
9.132789999999999964e+00,4.508616638938803822e-01,1.389861941874218354e-01,3.545153669529533397e-02,-1.350867369986955280e-01,-6.623293961103819683e-02,-1.569922485099827306e-02
9.233079999999999288e+00,4.392330781428957498e-01,1.328483365367906233e-01,3.457345341834673624e-02,-9.285058793165110180e-02,-5.708396030297099855e-02,-1.138559723234772994e-03
9.333389999999999631e+00,4.322248703003564452e-01,1.275284101349340726e-01,3.522300715091112450e-02,-4.402391266551797244e-02,-5.040012492388595139e-02,1.335719400473994734e-02
9.433759999999999479e+00,4.303966820381070479e-01,1.227321192223055912e-01,3.725448402030952927e-02,9.010707269052951537e-03,-4.689338945413835946e-02,2.519650099303838084e-02
9.534110000000000085e+00,4.340334823430569422e-01,1.181160581011393845e-01,4.028040095688190103e-02,6.348145531958195031e-02,-4.682137971003219601e-02,3.242849501463793832e-02
9.634459999999998914e+00,4.431385591350884279e-01,1.133342208475293794e-01,4.376346992550712856e-02,1.167118297677804256e-01,-4.992733548617011435e-02,3.406928305370947319e-02
9.734819999999999141e+00,4.574596590615692682e-01,1.080947381842927435e-01,4.711872271978466420e-02,1.663282185131476631e-01,-5.547635253211978534e-02,3.013813495908873943e-02
9.835189999999998989e+00,4.765236431314322507e-01,1.021991127723521076e-01,4.981273911203899785e-02,2.103154213088000990e-01,-6.241834780485196882e-02,2.153937917719226172e-02
9.935539999999999594e+00,4.996737708273711331e-01,9.556624600776368605e-02,5.144206598341025810e-02,2.471989834027616129e-01,-6.960059745025112821e-02,9.805400750564564200e-03
1.003590999999999944e+01,5.261409534019660938e-01,8.822901309327285668e-02,5.178086052043089083e-02,2.758766497565535714e-01,-7.590272013388385530e-02,-3.242814464197374229e-03
1.013626000000000005e+01,5.550472078008720223e-01,8.033119623765877515e-02,5.079117442550404316e-02,2.956286774943908680e-01,-8.040500279424761532e-02,-1.582800875229706944e-02
1.023660999999999888e+01,5.854789798541529811e-01,7.209027370191678497e-02,4.860389267688645237e-02,3.061704462518475833e-01,-8.252340513611233774e-02,-2.647972893157536992e-02
1.033698000000000050e+01,6.165011580486949860e-01,6.376725515320806614e-02,4.547621354584320541e-02,3.073281353763514523e-01,-8.198351483112915894e-02,-3.419254315197585437e-02
1.043733999999999895e+01,6.471652992634370216e-01,5.563469837369072052e-02,4.174083038125384754e-02,2.992372715963326213e-01,-7.887772749521515525e-02,-3.850656014410575034e-02
1.053770999999999880e+01,6.765634946526948301e-01,4.793506755805072156e-02,3.774724995618257417e-02,2.822629004849054879e-01,-7.359773924687111613e-02,-3.947513074256044779e-02
1.063805999999999941e+01,7.038205723492563237e-01,4.086229998776332029e-02,3.381745714135552666e-02,2.570033452267853624e-01,-6.675337033724437763e-02,-3.757100481152896021e-02
1.073842999999999925e+01,7.281487178002592486e-01,3.453645789536267247e-02,3.020606925532162354e-02,2.242650885965417340e-01,-5.906963413469280832e-02,-3.353697540611939171e-02
1.083879999999999910e+01,7.488346348286858412e-01,2.900595525655263671e-02,2.708597915809251439e-02,1.849861536821493790e-01,-5.126896934737461275e-02,-2.822052694036623205e-02
1.093914000000000009e+01,7.652787870936482717e-01,2.424584777899940063e-02,2.454169870685250082e-02,1.404475029153504084e-01,-4.404734861672767593e-02,-2.246545986471564296e-02
1.103950000000000031e+01,7.770249907635994324e-01,2.016485513216543027e-02,2.257675473842053401e-02,9.204447253570736953e-02,-3.795251354233310920e-02,-1.696918526227558441e-02
1.113983999999999952e+01,7.837537787365176367e-01,1.662809137055802980e-02,2.113567608246054441e-02,4.128622022536803521e-02,-3.335914222063551815e-02,-1.221860452581383268e-02
1.124018000000000050e+01,7.853118824434168754e-01,1.346907148800968908e-02,2.012425965334778064e-02,-1.021373146155422039e-02,-3.048502423372379325e-02,-8.474369034841536599e-03
1.134058999999999884e+01,7.817036979636442506e-01,1.050919522791103448e-02,1.943471683108831741e-02,-6.085132831884949856e-02,-2.935117324401856700e-02,-5.763272141188016846e-03
1.144104999999999883e+01,7.730979194407812116e-01,7.577759761699446456e-03,1.896746661938559023e-02,-1.088866739816953949e-01,-2.980657756961417257e-02,-3.926505441704019120e-03
1.154142000000000046e+01,7.598481716467189173e-01,4.526475610635460889e-03,1.864659611918982607e-02,-1.527890227967630132e-01,-3.162617883005472419e-02,-2.681836843479569552e-03
1.164176999999999929e+01,7.424303970841582556e-01,1.229813236670640290e-03,1.842917342365237368e-02,-1.913260065594423187e-01,-3.452088127122236727e-02,-1.679858611643381345e-03
1.174211999999999989e+01,7.214455791295201204e-01,-2.402490088449876077e-03,1.830941809039212873e-02,-2.233758399723628219e-01,-3.813833449255102370e-02,-5.660031591887801404e-04
1.184248000000000012e+01,6.975948228990015432e-01,-6.425240799838664515e-03,1.831556634494600419e-02,-2.479981094668507746e-01,-4.212198214172410693e-02,9.597374721755662277e-04
1.194280000000000008e+01,6.716678697937418230e-01,-1.085713431217066871e-02,1.850205477230601123e-02,-2.646975254935944877e-01,-4.617480040607708364e-02,3.106756308463571974e-03
1.204314999999999891e+01,6.444652385072257017e-01,-1.569335900522568494e-02,1.893914856834382626e-02,-2.732634482271388832e-01,-5.005122507844104313e-02,5.971288365541889236e-03
1.214353000000000016e+01,6.168189496661421467e-01,-2.090332111258770553e-02,1.970060042758968455e-02,-2.735404817757866036e-01,-5.352719678808808695e-02,9.524186181777706192e-03
1.224389000000000038e+01,5.895607127321051966e-01,-2.643723624285682777e-02,2.085082512279650205e-02,-2.658215157174285137e-01,-5.647533325990885394e-02,1.362469297349580208e-02
1.234423999999999921e+01,5.634637600922197676e-01,-3.223894270138341622e-02,2.243532291431311193e-02,-2.507297205702335718e-01,-5.885098366037464640e-02,1.804434779604394828e-02
1.244459999999999944e+01,5.392347196057170056e-01,-3.824969386629827051e-02,2.447265232815763053e-02,-2.289649114694593257e-01,-6.063783404109114594e-02,2.248367630699597483e-02
1.254495000000000005e+01,5.175063580954016862e-01,-4.441005353822655155e-02,2.694820370366836013e-02,-2.014200139391250366e-01,-6.186866200359476820e-02,2.661092296297822707e-02
1.264529999999999887e+01,4.988060771058823173e-01,-5.066785415320200492e-02,2.981394622453299031e-02,-1.691600348784245700e-01,-6.262184501827805505e-02,3.009947899693898865e-02
1.274567000000000050e+01,4.835528772986705803e-01,-5.697939128878978798e-02,3.298971393892385917e-02,-1.332554108168526597e-01,-6.296451109964357196e-02,3.263760931353806155e-02
1.284601999999999933e+01,4.720593042320042065e-01,-6.330597118855137151e-02,3.636490515448865396e-02,-9.484535731140650294e-02,-6.296487329286383494e-02,3.396383825529240841e-02
1.294631000000000043e+01,4.645156973853039606e-01,-6.961758102287415872e-02,3.980687102223346568e-02,-5.513353729790568258e-02,-6.275713189543472015e-02,3.392909786951405632e-02
1.304666999999999888e+01,4.609930053792894444e-01,-7.590246346405242484e-02,4.317508921357156304e-02,-1.519619137291669704e-02,-6.239530993941052456e-02,3.243233193729313374e-02
1.314701999999999948e+01,4.614655467256957300e-01,-8.214144908282375313e-02,4.631662706725626216e-02,2.396198445379242592e-02,-6.188872284569475052e-02,2.944641667670083729e-02
1.324737000000000009e+01,4.658026093710841975e-01,-8.832465032506686686e-02,4.908551802072726872e-02,6.138550945208991194e-02,-6.129305069921792137e-02,2.506797789017183031e-02
1.334773999999999994e+01,4.737867295504512577e-01,-9.444407376237444474e-02,5.134822396021355984e-02,9.623254723578780756e-02,-6.059798929044143273e-02,1.945310164237797415e-02
1.344810000000000016e+01,4.851182234104117752e-01,-1.004877635992646179e-01,5.299010762149225506e-02,1.277802954943758895e-01,-5.977857864743162108e-02,1.283092284639654988e-02
1.354844999999999899e+01,4.994345476795209460e-01,-1.064427164891874888e-01,5.392362241518886684e-02,1.554832395333250461e-01,-5.881297144049568715e-02,5.489562974616537562e-03
1.364880999999999922e+01,5.163265238313856642e-01,-1.122925914821551741e-01,5.409196227158763470e-02,1.789115400318304905e-01,-5.765052849971622623e-02,-2.251526322431637601e-03
1.374917999999999907e+01,5.353453320627838963e-01,-1.180142210336463798e-01,5.347170032965040121e-02,1.977031657504935702e-01,-5.621543078271446642e-02,-1.004768998684257668e-02
1.384952000000000005e+01,5.560091276248098069e-01,-1.235760459395431332e-01,5.207520902803956797e-02,2.117325518021754005e-01,-5.445913212883558840e-02,-1.755583420982031323e-02
1.394988000000000028e+01,5.778438875686681131e-01,-1.289451545621952133e-01,4.994792664314026687e-02,2.209560073813665870e-01,-5.232350048871870635e-02,-2.444193218128713416e-02
1.405022999999999911e+01,6.003589976099836800e-01,-1.340783195429878227e-01,4.716927084028275929e-02,2.254001766001967610e-01,-4.974430222008861813e-02,-3.039634321020312155e-02
1.415058999999999934e+01,6.230857827555240647e-01,-1.389297363896371817e-01,4.384683038704039609e-02,2.252404380713119991e-01,-4.668088509657455920e-02,-3.514829780087587452e-02
1.425094999999999956e+01,6.455688303828250874e-01,-1.434480181058905846e-01,4.011437128745677649e-02,2.206933034514599046e-01,-4.309450376213105893e-02,-3.846716082041487517e-02
1.435130999999999979e+01,6.673829233070245337e-01,-1.475795833052149786e-01,3.612577495477228146e-02,2.121391856431272815e-01,-3.897799831205495807e-02,-4.019011676731977512e-02
1.445172999999999952e+01,6.881490046606608679e-01,-1.512716078688894628e-01,3.204748741114221006e-02,1.998242985816098549e-01,-3.430667947584922078e-02,-4.016967660099768356e-02
1.455208999999999975e+01,7.074912768521579576e-01,-1.544655548269164291e-01,2.806299378980556952e-02,1.841711000695054612e-01,-2.909494460757926573e-02,-3.834005298710602833e-02
1.465245999999999960e+01,7.251154779415218687e-01,-1.571114898701280183e-01,2.435194482167096428e-02,1.657126756640415755e-01,-2.338735958055909378e-02,-3.470663653170414503e-02
1.475279999999999880e+01,7.407528102573606166e-01,-1.591598212059430473e-01,2.109674364777132383e-02,1.448439173439869665e-01,-1.721648538293108280e-02,-2.929527129351333983e-02
1.485309999999999953e+01,7.541882738273639752e-01,-1.605671501048677174e-01,1.847185362865242514e-02,1.221164610008767665e-01,-1.064569403274540776e-02,-2.220689816439492051e-02
1.495345000000000013e+01,7.652637942881806987e-01,-1.612966046853770430e-01,1.663941724132048799e-02,9.795978238126738791e-02,-3.734729201081402397e-03,-1.355786413178192151e-02
1.505381000000000036e+01,7.738505752233454382e-01,-1.613167778541232944e-01,1.575054490006300850e-02,7.276354626569438155e-02,3.444846035326750745e-03,-3.497249847979941057e-03
1.515414999999999957e+01,7.798687550438929694e-01,-1.606051617343737248e-01,1.593745589660866546e-02,4.700096013323122601e-02,1.080858375901578433e-02,7.781593938995158381e-03
1.525450000000000017e+01,7.832845186394633563e-01,-1.591472994583227885e-01,1.731245165046963255e-02,2.108876736370475513e-02,1.826824980294840944e-02,2.006689042109982210e-02
1.535482999999999976e+01,7.841016523604777966e-01,-1.569383933436005463e-01,1.996524401484002162e-02,-4.599630963162295964e-03,2.573623330292113334e-02,3.313750473936673963e-02
1.545515999999999934e+01,7.823612894518362504e-01,-1.539815716086037345e-01,2.396374864049631917e-02,-2.972091339171286165e-02,3.313016060877338465e-02,4.677086803057128178e-02
1.555550000000000033e+01,7.781361270942286357e-01,-1.502885704535127098e-01,2.935300378128703064e-02,-5.397689744030240155e-02,4.036639760326597021e-02,6.074037513361187079e-02
1.565585999999999878e+01,7.715271491537238902e-01,-1.458793049778316364e-01,3.615544133060213938e-02,-7.708746823993378738e-02,4.735698024244938686e-02,7.480939225561129835e-02
1.575621999999999900e+01,7.626632769352987840e-01,-1.407831673575107301e-01,4.436860285698804307e-02,-9.878420999410657266e-02,5.400878698973593517e-02,8.873008996912683244e-02
1.585653999999999897e+01,7.516993702137058087e-01,-1.350387638699471204e-01,5.396517640203433303e-02,-1.189086808690586611e-01,6.027259413521210418e-02,1.023289083362863283e-01
1.595687999999999818e+01,7.387961524377549827e-01,-1.286853667806198143e-01,6.490786691332159353e-02,-1.373177919763641786e-01,6.609288352325257132e-02,1.154261144705295700e-01
1.605722000000000094e+01,7.241372039120147486e-01,-1.217727258656385592e-01,7.713328678894153245e-02,-1.538824383225307624e-01,7.140987599941453490e-02,1.278407330720378599e-01
1.615758999999999901e+01,7.079091617942894210e-01,-1.143521121487817288e-01,9.056781595814819563e-02,-1.685020459768334367e-01,7.617295135374842208e-02,1.394093031340567224e-01
1.625796000000000063e+01,6.903157933974320981e-01,-1.064834357985217500e-01,1.051152572363334425e-01,-1.810824556317096878e-01,8.032885680455732758e-02,1.499679452541756441e-01
1.635831999999999908e+01,6.715626353565583573e-01,-9.822865663579891105e-02,1.206690969904703481e-01,-1.916168565357446452e-01,8.385947783006901524e-02,1.594217995245555131e-01
1.645866999999999791e+01,6.518548220256048520e-01,-8.965132074147817709e-02,1.371140979354831257e-01,-2.001244730232550895e-01,8.675416698118475212e-02,1.676970860676236241e-01
1.655902000000000029e+01,6.313940313678293448e-01,-8.081552507225277238e-02,1.543289374815002279e-01,-2.066413435582671598e-01,8.900733151793595310e-02,1.747359118769466757e-01
1.665937999999999874e+01,6.103781641651422341e-01,-7.178593827312795828e-02,1.721867581691912952e-01,-2.111925051913191576e-01,9.060760445785893957e-02,1.804738495746315008e-01
1.675974000000000075e+01,5.890038729915876292e-01,-6.262893885991979714e-02,1.905533056678060666e-01,-2.138410977923740353e-01,9.155959131653171323e-02,1.848826980831560218e-01
1.686010999999999882e+01,5.674563853143427261e-01,-5.340827106729721663e-02,2.092960620513160119e-01,-2.146656216886577706e-01,9.187455346519844690e-02,1.879517648757215997e-01
1.696048000000000044e+01,5.459165972709214554e-01,-4.418805305003675049e-02,2.282786268053076384e-01,-2.138211255368897279e-01,9.159708350782083675e-02,1.897450833645723534e-01
1.706091999999999942e+01,5.245386152567167448e-01,-3.502307850006608492e-02,2.473813346685945769e-01,-2.112936175341811051e-01,9.070009081215862912e-02,1.901795648350655954e-01
1.716131000000000029e+01,5.035061438173339399e-01,-2.598290315239281528e-02,2.664511077178288168e-01,-2.071738017427302569e-01,8.920243570204387795e-02,1.892716221431521573e-01
1.726170000000000115e+01,4.829550834011392402e-01,-1.711853509057967293e-02,2.853715750490860015e-01,-2.016688062365998013e-01,8.717398806530958499e-02,1.871471318940844952e-01
1.736204999999999998e+01,4.630275642002554815e-01,-8.485505898501201349e-03,3.040149244520588545e-01,-1.949261124120042210e-01,8.466120419806009989e-02,1.838909248633035232e-01
1.746244000000000085e+01,4.438298844774153373e-01,-1.254990402330263821e-04,3.222818120948910403e-01,-1.870171466906778435e-01,8.167851996848611573e-02,1.795180861895677993e-01
1.756277000000000044e+01,4.254898378490813426e-01,7.908851440385391077e-03,3.400474536276651416e-01,-1.780473775335288389e-01,7.825710277282518779e-02,1.740842799713535061e-01
1.766310000000000002e+01,4.080925531489027480e-01,1.558211793983317606e-02,3.572236780106091691e-01,-1.682723476120961403e-01,7.449568800879652342e-02,1.677977022463489898e-01
1.776348000000000127e+01,3.917145319538418713e-01,2.286148439570381136e-02,3.737274896069180397e-01,-1.576929425195350565e-01,7.038245040789185836e-02,1.606219001153776638e-01
1.786383000000000010e+01,3.764407253429724598e-01,2.970914965904945457e-02,3.894634006201575516e-01,-1.464152653753685307e-01,6.595328063824289211e-02,1.526282148081384571e-01
1.796417999999999893e+01,3.623263380767021147e-01,3.609950157417871064e-02,4.043627348895994511e-01,-1.346201615489574788e-01,6.127899526200911856e-02,1.439697935204278245e-01
1.806453000000000131e+01,3.494200222951726609e-01,4.200895315794892643e-02,4.183607440329701332e-01,-1.223741434624216751e-01,5.638047060966204505e-02,1.346862969900412266e-01
1.816483999999999810e+01,3.377636325117974181e-01,4.741608251205591679e-02,4.313967125174762440e-01,-1.098772105684682476e-01,5.134263892631803217e-02,1.249756204174004015e-01
1.826529999999999987e+01,3.273656773565697953e-01,5.231435009222552140e-02,4.434456131094719478e-01,-9.712091508961429032e-02,4.615306050305856972e-02,1.147959067069319605e-01
1.836564999999999870e+01,3.182697069647487109e-01,5.667983712541487668e-02,4.544383287994688825e-01,-8.416931438910592311e-02,4.083502826666055019e-02,1.041955184287777780e-01
1.846602000000000032e+01,3.104713724940857955e-01,6.051067937935591945e-02,4.643595395970112061e-01,-7.123130044506607861e-02,3.548159931505337483e-02,9.339682098513017727e-02
1.856638999999999839e+01,3.039722956788858954e-01,6.380163632489369019e-02,4.731847612536443370e-01,-5.832924189961485872e-02,3.009900886902744724e-02,8.240969201041467573e-02
1.866677999999999926e+01,2.987636378855547115e-01,6.655209525143025717e-02,4.809006563989268179e-01,-4.553952836288491235e-02,2.471949823507593041e-02,7.130767799730862444e-02
1.876716000000000051e+01,2.948316880709915266e-01,6.876328704359148392e-02,4.874975028966759272e-01,-3.292795358495381741e-02,1.937094627529118568e-02,6.015371479756704415e-02
1.886751999999999896e+01,2.921544016050945936e-01,7.044019478300878045e-02,4.929745957410363588e-01,-2.056802931757280295e-02,1.408722679069631355e-02,4.903141871314060929e-02
1.896788000000000096e+01,2.907033123056240176e-01,7.159084843928914532e-02,4.973389961010819538e-01,-8.513999672060457158e-03,8.893414568683484511e-03,3.800223917956772890e-02
1.906823999999999941e+01,2.904454877675179958e-01,7.222526405774724878e-02,5.006023329849047521e-01,3.188806500750335053e-03,3.810355719710702138e-03,2.711586116289142756e-02
1.916860000000000142e+01,2.913433634877222733e-01,7.235565579967360994e-02,5.027816402335613111e-01,1.449719733967986222e-02,-1.141173832572865785e-03,1.642374725814129896e-02
1.926895999999999987e+01,2.933553376728635920e-01,7.199620981430350508e-02,5.038988763294390827e-01,2.535936164694432143e-02,-5.938088500542019511e-03,5.975899552245724639e-03
1.936925000000000097e+01,2.964334463747098081e-01,7.116377395821296692e-02,5.039811114374789236e-01,3.577129105907376344e-02,-1.057239679761726517e-02,-4.189828044311979909e-03
1.946961999999999904e+01,3.005352832487878656e-01,6.987413841663968339e-02,5.030579020050580663e-01,4.571148830986160316e-02,-1.503213403636081101e-02,-1.404113934586970376e-02
1.957000000000000028e+01,3.056085694564374400e-01,6.814655257548929423e-02,5.011628006261407142e-01,5.512138720751524196e-02,-1.929347601281878113e-02,-2.353683347332277340e-02
1.967035999999999873e+01,3.115991433584446302e-01,6.600158856895112225e-02,4.983336335102763193e-01,6.400980521404073253e-02,-2.335451590174825870e-02,-3.265555075381083167e-02
1.977074999999999960e+01,3.184564959403697881e-01,6.345887851727059770e-02,4.946082405243822366e-01,7.234709999086572085e-02,-2.720026267740637341e-02,-4.136219262008231090e-02
1.987109999999999843e+01,3.261205158091212142e-01,6.054200352484120223e-02,4.900314927957393762e-01,8.013086107292281823e-02,-3.082665316353816812e-02,-4.964140715881452254e-02
1.997147000000000006e+01,3.345402101262908157e-01,5.727141126492622802e-02,4.846443115981385885e-01,8.735979721642424256e-02,-3.422973260872999579e-02,-5.747707396568139948e-02
2.007180999999999926e+01,3.436552083227871757e-01,5.367147663210887487e-02,4.784948037157883416e-01,9.082387882803155676e-02,-3.587055310724198559e-02,-6.127507068221797054e-02
