time,x_mpc,y_mpc,z_mpc,vx_mpc,vy_mpc,vz_mpc
0.000000000000000000e+00,3.088418295313246631e-01,1.908960200878859410e-04,4.867187816409001000e-01,2.318826591767021684e-05,-5.006414365226164950e-05,-6.287841763038439359e-05
1.000001994535519162e-01,3.088440903264513815e-01,1.859470635811335225e-04,4.867123872752215918e-01,2.202754643224070759e-05,-4.891478906579011752e-05,-6.500864086451329734e-05
2.000003989071038324e-01,3.088462343752959582e-01,1.811491218769296062e-04,4.867058806078331523e-01,2.085334493227373800e-05,-4.704385362536717282e-05,-6.512444734833843505e-05
3.000005983606557347e-01,3.088482589625493602e-01,1.765558936978968343e-04,4.866994092090739521e-01,1.963831937443143269e-05,-4.482052672851859773e-05,-6.430326968673757949e-05
4.000007978142076648e-01,3.088501596967873630e-01,1.721986499816705171e-04,4.866930627617268579e-01,1.837628956443037106e-05,-4.232417378280696870e-05,-6.262542409127598998e-05
5.000009972677595949e-01,3.088519313863279381e-01,1.681000305468044725e-04,4.866869047411844229e-01,1.705743057280157088e-05,-3.964805141799927036e-05,-6.053474111043664403e-05
6.000011967213114694e-01,3.088535699302965565e-01,1.642751019855850112e-04,4.866809881918020553e-01,1.571338343688075061e-05,-3.685036722757694826e-05,-5.779601052136021833e-05
7.000013961748634550e-01,3.088550704980829731e-01,1.607306902752967889e-04,4.866753753432954133e-01,1.429791243356749390e-05,-3.403772558936861073e-05,-5.446073571189407274e-05
8.000015956284153296e-01,3.088564106479516624e-01,1.574640654597459768e-04,4.866701506312296477e-01,1.250503148051776030e-05,-3.129464041392341175e-05,-5.003329718555197864e-05
9.000017950819672041e-01,3.088575648012905628e-01,1.544614982413804421e-04,4.866654096545038888e-01,1.057798925817704427e-05,-2.875658417908665273e-05,-4.478604820886478491e-05
1.000001994535519190e+00,3.088585209931243858e-01,1.517140392841208015e-04,4.866612196772590049e-01,8.545809275246164994e-06,-2.619248536823530471e-05,-3.901332954795372544e-05
1.100002193989071175e+00,3.088592983864263397e-01,1.492150954901743753e-04,4.866575687468538969e-01,7.002025753247199550e-06,-2.378629082624870240e-05,-3.400513291680351693e-05
1.200002393442622939e+00,3.088598654370132701e-01,1.470288957645984852e-04,4.866544216768304287e-01,4.338963365438852290e-06,-1.993761647638282286e-05,-2.893614201325929168e-05
1.300002592896174924e+00,3.088597650071487344e-01,1.455899975545765725e-04,4.866523632536908783e-01,-6.347556649246974251e-06,-8.840290325498468128e-06,-1.223223866637022692e-05
1.400002792349726910e+00,3.088576888930033015e-01,1.455212249210853829e-04,4.866534712645763650e-01,-3.517464344237416254e-05,7.464840399058450982e-06,3.439241217675460610e-05
1.500002991803278674e+00,3.088503321559142312e-01,1.469950934173015072e-04,4.866608081173492417e-01,-1.119598048737612710e-04,2.201247073172004785e-05,1.123443506083336328e-04
1.600003191256830659e+00,3.088296990572857448e-01,1.494979272027725770e-04,4.866748716111454209e-01,-3.007013446276765546e-04,2.804410513808297740e-05,1.689249643134757887e-04
1.700003390710382645e+00,3.087799927191096083e-01,1.521554716012911770e-04,4.866898839948993749e-01,-6.934234360775187993e-04,2.510667682116655229e-05,1.313221119120963577e-04
1.800003590163934408e+00,3.086783900658892632e-01,1.539576826449286521e-04,4.866948163617838552e-01,-1.338625575334983836e-03,1.093747216024742226e-05,-3.267497097739617573e-05
1.900003789617486394e+00,3.084938416361244218e-01,1.532514121008890040e-04,4.866799050497045975e-01,-2.352335658209209895e-03,-2.506285486746311195e-05,-2.655506757855781354e-04
2.000003989071038379e+00,3.082062402378353272e-01,1.465350065360637288e-04,4.866458154950192849e-01,-3.399680834971002038e-03,-1.092649885073875742e-04,-4.162390580678220322e-04
2.100004188524590365e+00,3.078313933414590919e-01,1.285833431627782621e-04,4.866060377592446029e-01,-4.097242139674544571e-03,-2.497675628551454356e-04,-3.793140706674494930e-04
2.200004387978142351e+00,3.073979151479559468e-01,9.291309357370703380e-05,4.865801020537304789e-01,-4.572304438669580820e-03,-4.636360060175214598e-04,-1.393990050228957936e-04
2.300004587431693892e+00,3.069396301545596617e-01,3.169247712387952972e-05,4.865888021393752205e-01,-4.593377147979061347e-03,-7.607738808500191883e-04,3.134003708655990557e-04
2.400004786885245878e+00,3.065125065291317563e-01,-6.333312044206034896e-05,4.866525493114303158e-01,-3.949078322347667619e-03,-1.139734279837747262e-03,9.615405273208502742e-04
2.500004986338797863e+00,3.061943134622838736e-01,-1.987306394261799901e-04,4.867882351035907607e-01,-2.414770321687766813e-03,-1.568210698752201936e-03,1.752169903295925073e-03
2.600005185792349849e+00,3.060848927752804483e-01,-3.767994441069749722e-04,4.870059896197157512e-01,2.263609464791282479e-04,-1.993158291586750487e-03,2.602911732839197599e-03
2.700005385245901834e+00,3.063023530765937585e-01,-5.939474090035206646e-04,4.873060262846544699e-01,4.122836405158484402e-03,-2.349792344174862074e-03,3.397809597283978252e-03
2.800005584699453820e+00,3.069754851866577372e-01,-8.394115572968735561e-04,4.876747396471881602e-01,9.339778944456356841e-03,-2.559480829972476858e-03,3.976442945181494874e-03
2.900005784153005362e+00,3.082355711566648893e-01,-1.093839971673507593e-03,4.880814183740467271e-01,1.586189019006300702e-02,-2.529077308250255417e-03,4.157115369318948109e-03
3.000005983606557347e+00,3.102053780289669715e-01,-1.341032406659350322e-03,4.884989262642701613e-01,2.353416867914001967e-02,-2.414761530804436940e-03,4.193025780496278249e-03
3.100006183060109333e+00,3.129980210150970499e-01,-1.536263172892257537e-03,4.888531441158781576e-01,3.231857964317118997e-02,-1.489846005975285770e-03,2.891317121689668777e-03
3.200006382513661318e+00,3.167191990499890197e-01,-1.625300507341032779e-03,4.890531639848909040e-01,4.210483261452963727e-02,-2.908971312447839516e-04,1.109072279647318115e-03
3.300006581967213304e+00,3.214233757335549502e-01,-1.542940475794996524e-03,4.889876547559699471e-01,5.197851340421342364e-02,1.938094476771896500e-03,-2.419254244862243351e-03
3.400006781420765289e+00,3.271166346394241975e-01,-1.200188519848893135e-03,4.885053438250427371e-01,6.188643760548242362e-02,4.916930969558435185e-03,-7.226945133994844978e-03
3.500006980874317275e+00,3.337826878855961743e-01,-5.181785047501651651e-04,4.874729317399106310e-01,7.143436140488820807e-02,8.723242126606398084e-03,-1.342125538507827655e-02
3.600007180327868817e+00,3.413659180175742658e-01,5.865285031495235703e-04,4.857515923364506549e-01,8.022993873484010607e-02,1.337085396392796027e-02,-2.100546401880577785e-02
3.700007379781420802e+00,3.497707316878065908e-01,2.195761396253614623e-03,4.832085180127496105e-01,8.786599939648731539e-02,1.881373970483862096e-02,-2.985592101037576329e-02
3.800007579234972788e+00,3.588627054316772536e-01,4.383248270010614740e-03,4.797303910472078825e-01,9.397311279635763015e-02,2.493591051007007509e-02,-3.970647955577931432e-02
3.900007778688524773e+00,3.684753810406182772e-01,7.207224181839698603e-03,4.752358333216697983e-01,9.828001592676958997e-02,3.154349507633104344e-02,-5.018449566423897196e-02
4.000007978142076759e+00,3.784195213949595460e-01,1.070418765218332513e-02,4.696823560482762949e-01,1.006023944820234745e-01,3.839563483446269826e-02,-6.088482827191921132e-02
4.100008177595628744e+00,3.884900707235788841e-01,1.488604792372246605e-02,4.630682628327931760e-01,1.008081903697977122e-01,4.524140377927587942e-02,-7.139677219739168357e-02
4.200008377049180730e+00,3.984739031056249159e-01,1.973971251066178670e-02,4.554332338685641579e-01,9.886805900975101369e-02,5.183169434376836554e-02,-8.130350252106662012e-02
4.300008576502732716e+00,4.081659431925199755e-01,2.522778557975560026e-02,4.468587361098974031e-01,9.497235610655671567e-02,5.792954811541116411e-02,-9.018611061014435160e-02
4.400008775956284701e+00,4.173899067846645883e-01,3.129041944133728603e-02,4.374657419060598018e-01,8.950654778660925570e-02,6.332288727393343974e-02,-9.767339877414457638e-02
4.500008975409835799e+00,4.260102048420452148e-01,3.784697496241185011e-02,4.274087616076341911e-01,8.289906949187580976e-02,6.780796160242209825e-02,-1.034658060150802639e-01
4.600009174863387784e+00,4.339332847660186676e-01,4.480086056118367382e-02,4.168613351716343174e-01,7.556221293093741409e-02,7.126947297813117366e-02,-1.074823019614238873e-01
4.700009374316939770e+00,4.411035871809050879e-01,5.204382037499378361e-02,4.060003704252921342e-01,6.784354933890403283e-02,7.358943437183509961e-02,-1.097365597146846561e-01
4.800009573770491755e+00,4.474965830668052313e-01,5.945997291498009846e-02,3.949933162693486932e-01,6.001611335846081252e-02,7.473332059288806395e-02,-1.104040843258498744e-01
4.900009773224043741e+00,4.531144880337489855e-01,6.692642512958711654e-02,3.839940325886045391e-01,5.234176187864147262e-02,7.459542585776347823e-02,-1.095811505206692599e-01
5.000009972677595727e+00,4.579830177556380444e-01,7.431755113790565470e-02,3.731416656785742081e-01,4.502863835041703844e-02,7.322679947192843597e-02,-1.074657547721747652e-01
5.100010172131147712e+00,4.621337729239639036e-01,8.152589027280401912e-02,3.625473819899820982e-01,3.798629943985826207e-02,7.093969568084358690e-02,-1.044194963870082316e-01
5.200010371584699698e+00,4.656176224373193562e-01,8.845195896895023668e-02,3.523069823456648764e-01,3.169055185429605487e-02,6.758140195683136342e-02,-1.003880880033352907e-01
5.300010571038251683e+00,4.685453339763580582e-01,9.499271820545711342e-02,3.425082635599283054e-01,2.686356213821759070e-02,6.323352185829422822e-02,-9.558589683432196227e-02
5.400010770491803669e+00,4.710013634510281655e-01,1.010788456947437491e-01,3.332023084485790654e-01,2.225692938261904230e-02,5.848878514797355155e-02,-9.053283417224321228e-02
5.500010969945355654e+00,4.730724722582682062e-01,1.066743224564966619e-01,3.244101529397427908e-01,1.916516414434519047e-02,5.342052687998688487e-02,-8.530992527985348239e-02
5.600011169398907640e+00,4.748627509956223069e-01,1.117526157593984881e-01,3.161434739348887857e-01,1.664033918738844903e-02,4.814513660172627108e-02,-8.002332505418700836e-02
5.700011368852459626e+00,4.764411954078052180e-01,1.163023149297515574e-01,3.084029285867254666e-01,1.492848609112691974e-02,4.284866531496519387e-02,-7.478727313384286868e-02
5.800011568306010723e+00,4.778761873727197518e-01,1.203248143010377941e-01,3.011821061094215324e-01,1.377129596442949050e-02,3.760116165072201894e-02,-6.962888836907230039e-02
5.900011767759562709e+00,4.792099858877475471e-01,1.238288296850287434e-01,2.944729708334491436e-01,1.290462113006277459e-02,3.247900625171282890e-02,-6.455354951873666647e-02
6.000011967213114694e+00,4.804590156716805338e-01,1.268305357198243888e-01,2.882686211382655128e-01,1.207592472401046620e-02,2.755499470425304409e-02,-5.953319688951232147e-02
6.100012166666666680e+00,4.816210295948683551e-01,1.293539495060724853e-01,2.825660927535205702e-01,1.116430738627726370e-02,2.291318036014113046e-02,-5.451714332793133194e-02
6.200012366120218665e+00,4.826877075254280558e-01,1.314312789257726655e-01,2.773673598732602219e-01,1.016920867446140415e-02,1.863332516788148568e-02,-4.945730689654161127e-02
6.300012565573770651e+00,4.836525895905850470e-01,1.331019159263418794e-01,2.726781431681880585e-01,9.128394138924359608e-03,1.477934820073904115e-02,-4.432684014908896269e-02
6.400012765027322637e+00,4.845139186122892072e-01,1.344107395145903716e-01,2.685047073842089516e-01,8.098151936200854301e-03,1.139707135443228728e-02,-3.914170904950612512e-02
6.500012964480874622e+00,4.852763101445076166e-01,1.354059637315471465e-01,2.648490193260742420e-01,7.149648295888110655e-03,8.507373284581473336e-03,-3.397190628548465985e-02
6.600013163934426608e+00,4.859507134652810145e-01,1.361364362582678789e-01,2.617040628090264165e-01,6.338391217205655015e-03,6.102048110823451652e-03,-2.892709860117216245e-02
6.700013363387978593e+00,4.865529808250657617e-01,1.366492567539716319e-01,2.590511447118458710e-01,5.706931953663549328e-03,4.154341346518566208e-03,-2.413115751586239130e-02
6.800013562841530579e+00,4.871028809357271783e-01,1.369886717774114471e-01,2.568594285221844631e-01,5.291048323702337956e-03,2.633945582798277903e-03,-1.970307884842366353e-02
6.900013762295082564e+00,4.876213188692996581e-01,1.371945530040984129e-01,2.550891226042735771e-01,5.077689666930952986e-03,1.483670738208760480e-03,-1.570296889117420505e-02
7.000013961748634550e+00,4.881249980372417974e-01,1.373008192675291839e-01,2.536966038563390757e-01,4.995873599832461112e-03,6.416502913784114274e-04,-1.214735051906436561e-02
7.100014161202185647e+00,4.886249165658534954e-01,1.373365923099712782e-01,2.526348382870180487e-01,5.002477030335451998e-03,7.380913045454905695e-05,-9.087918512857468684e-03
7.200014360655737633e+00,4.891299081299586016e-01,1.373271364662196625e-01,2.518542143151419332e-01,5.097334107334543403e-03,-2.629256282875361002e-04,-6.524529785081551250e-03
7.300014560109289619e+00,4.896495707079743243e-01,1.372938427558316465e-01,2.513062494350197795e-01,5.295896723311426836e-03,-4.029472513653420233e-04,-4.434745958696702239e-03
7.400014759562841604e+00,4.901936720397913061e-01,1.372546687930331633e-01,2.509456182342089114e-01,5.586108208482288076e-03,-3.805304419303482907e-04,-2.777863671714284229e-03
7.500014959016393590e+00,4.907709610643911091e-01,1.372235715662961097e-01,2.507309979665286459e-01,5.959649255090395011e-03,-2.414128523229903012e-04,-1.514533120552673078e-03
7.600015158469945575e+00,4.913899642679379065e-01,1.372094028379931274e-01,2.506269122181342679e-01,6.420390123417221533e-03,-4.196114853740874574e-05,-5.671776952891879669e-04
7.700015357923497561e+00,4.920610435339123345e-01,1.372160360506735899e-01,2.506042930675771441e-01,7.001168426296270307e-03,1.746251375439987897e-04,1.147955864392181512e-04
7.800015557377049547e+00,4.927969605460107982e-01,1.372438179250055901e-01,2.506395398414991704e-01,7.717142459479467247e-03,3.810112408596024467e-04,5.901384859854246802e-04
7.900015756830601532e+00,4.936121068109714516e-01,1.372910230305788848e-01,2.507143440016262881e-01,8.585750323034536252e-03,5.630889875653725778e-04,9.059417325722259225e-04
8.000015956284153518e+00,4.945190366168073504e-01,1.373552482616086368e-01,2.508157632438600126e-01,9.552809615681237543e-03,7.214130710448485653e-04,1.122439066423900917e-03
8.100016155737705503e+00,4.955354814971021926e-01,1.374334255184033737e-01,2.509320789970332921e-01,1.077604744358847885e-02,8.421289463098181969e-04,1.203871357132453405e-03
8.200016355191257489e+00,4.966793372409971652e-01,1.375228506135429962e-01,2.510531351174647430e-01,1.210102180518291687e-02,9.463693892593491109e-04,1.217246222491774523e-03
8.300016554644809474e+00,4.979658867113528342e-01,1.376220967064401279e-01,2.511721361663927787e-01,1.362991628066064984e-02,1.038548509693791328e-03,1.162770009041640736e-03
8.400016754098361460e+00,4.994171623921659919e-01,1.377301999455997628e-01,2.512839028654419993e-01,1.539553944330093738e-02,1.123511961192720900e-03,1.072559513499342278e-03
8.500016953551913446e+00,5.010510904751738215e-01,1.378461463704968026e-01,2.513857170292367882e-01,1.728295703843402142e-02,1.195411911572342957e-03,9.637197009647869000e-04
8.600017153005465431e+00,5.028795405053536616e-01,1.379682034786871569e-01,2.514768586197295708e-01,1.928597062713785504e-02,1.245725383299502208e-03,8.591084731957971364e-04
8.700017352459017417e+00,5.049114921236962372e-01,1.380952519080706764e-01,2.515585388856708682e-01,2.135298068388280165e-02,1.295238136328828206e-03,7.744935873526453745e-04
8.800017551912569402e+00,5.071515797978856099e-01,1.382293399143542378e-01,2.516331563737373989e-01,2.344868344139425589e-02,1.386516640487113613e-03,7.178531974398239977e-04
8.900017751366121388e+00,5.096013757430563063e-01,1.383760537645318811e-01,2.517029560193334015e-01,2.554713773811320698e-02,1.547754510558115243e-03,6.781369301285297257e-04
9.000017950819671597e+00,5.122629701251735224e-01,1.385419790493320480e-01,2.517699761456153040e-01,2.768464373155057889e-02,1.770744566580874108e-03,6.622629220347268312e-04
9.100018150273223583e+00,5.151417688986056342e-01,1.387324669580572434e-01,2.518366332755468395e-01,2.989121689999203746e-02,2.039006009240044819e-03,6.708770176014800142e-04
9.200018349726775568e+00,5.182538316520886035e-01,1.389478948285764182e-01,2.519068469129438492e-01,3.234991402752102063e-02,2.269542807589454772e-03,7.333929294718301512e-04
9.300018549180327554e+00,5.216273199199572552e-01,1.391869636557456491e-01,2.519854078340998949e-01,3.511971675927706704e-02,2.511824199188907297e-03,8.378223598047059972e-04
9.400018748633879540e+00,5.252979213365922551e-01,1.394423957849224571e-01,2.520767388170423451e-01,3.829216515081618200e-02,2.596808194998487772e-03,9.887936557939880876e-04
9.500018948087431525e+00,5.292996202319032450e-01,1.396988015180232190e-01,2.521840481805163736e-01,4.174165312510921821e-02,2.531296238830096912e-03,1.157389333048840447e-03
9.600019147540983511e+00,5.336514291814109523e-01,1.399426873786089043e-01,2.523081347319275913e-01,4.529435226864141073e-02,2.346411244122736852e-03,1.324336745284164854e-03
9.700019346994535496e+00,5.383637507308935977e-01,1.401644240873844982e-01,2.524488373465473279e-01,4.895189074353277492e-02,2.088314086172151415e-03,1.489709934395152266e-03
9.800019546448087482e+00,5.434539663323001424e-01,1.403571391590109907e-01,2.526063981343522058e-01,5.285221823268762553e-02,1.765979658832361049e-03,1.661499536503304765e-03
9.900019745901639467e+00,5.489057127978090866e-01,1.405139156400260214e-01,2.527793423846402265e-01,5.618249360388653108e-02,1.369543707555543645e-03,1.797378570402348918e-03
1.000001994535519145e+01,5.546705557407010101e-01,1.406282745330720008e-01,2.529644600039324120e-01,5.911413529073203388e-02,9.176295915154127070e-04,1.904966430982243074e-03
1.010002014480874344e+01,5.607009277123511382e-01,1.406959081495605945e-01,2.531585440327502323e-01,6.149306358692952640e-02,4.350400403089191076e-04,1.976706403240075394e-03
1.020002034426229542e+01,5.669344389387988015e-01,1.407153382081285931e-01,2.533578376424380219e-01,6.317691228332909803e-02,-4.643964402609569806e-05,2.009157840567731002e-03
1.030002054371584741e+01,5.732983985292300355e-01,1.406875231814870009e-01,2.535584790049443260e-01,6.410202566293195237e-02,-5.098597792467426384e-04,2.003661405847361257e-03
1.040002074316939940e+01,5.797212498069983511e-01,1.406140556736846237e-01,2.537569583652034555e-01,6.435474368084669050e-02,-9.594874461359220123e-04,1.965917881869232338e-03
1.050002094262295138e+01,5.860868729560796409e-01,1.405062727789725130e-01,2.539492444474980570e-01,6.295746537205537674e-02,-1.196166148578368385e-03,1.879796093610196185e-03
1.060002114207650337e+01,5.922722863989166031e-01,1.403818801416033546e-01,2.541317477086783572e-01,6.075055674464056171e-02,-1.291681636704299562e-03,1.770261849825615665e-03
1.070002134153005535e+01,5.982027755847915129e-01,1.402566638772316521e-01,2.543023445400326432e-01,5.785899040190334991e-02,-1.212638655773830244e-03,1.641667972045020730e-03
1.080002154098360734e+01,6.038075287221168486e-01,1.401518354958241619e-01,2.544595797989183672e-01,5.423584876746458117e-02,-8.839247907052328592e-04,1.503030933455457279e-03
1.090002174043715932e+01,6.090169544717171091e-01,1.400920443225760481e-01,2.546036197484704555e-01,4.995245841726324992e-02,-3.118962891494184760e-04,1.377762311742272662e-03
1.100002193989071131e+01,6.137811792038987413e-01,1.400976930151272559e-01,2.547361277543532254e-01,4.533184617843949438e-02,4.248699148435684412e-04,1.272392520085272602e-03
1.110002213934426329e+01,6.180733373957563170e-01,1.401842956072993085e-01,2.548592382158713088e-01,4.051114644181458974e-02,1.307178473965162459e-03,1.189811799322150389e-03
1.120002233879781528e+01,6.218926654428332812e-01,1.403518825990867080e-01,2.549750102043081279e-01,3.587526214431892291e-02,2.044554676631958872e-03,1.125623351196504678e-03
1.130002253825136727e+01,6.252572800787213891e-01,1.405855890760260019e-01,2.550846163915724829e-01,3.141689635684184051e-02,2.629565539455144124e-03,1.066496021831136619e-03
1.140002273770491925e+01,6.281879881903965623e-01,1.408658427719564621e-01,2.551879543198545819e-01,2.719714896886759464e-02,2.975497199657438710e-03,1.000258421595763472e-03
1.150002293715847124e+01,6.307099348822403639e-01,1.411668195826844274e-01,2.552839043869876701e-01,2.324168426596277467e-02,3.044027008746901138e-03,9.187390935579166362e-04
1.160002313661202145e+01,6.328499425161722147e-01,1.414612560905975647e-01,2.553707524225733994e-01,1.955838304642040781e-02,2.844691404257935607e-03,8.182181537336742335e-04
1.170002333606557343e+01,6.346354770494301301e-01,1.417240228980486405e-01,2.554465710704056924e-01,1.615223639263777683e-02,2.410634262829686441e-03,6.981517784587923728e-04
1.180002353551912542e+01,6.360951215663951386e-01,1.419326666931473580e-01,2.555095030120415611e-01,1.304059572052194971e-02,1.762233316212312179e-03,5.604845438645520090e-04
1.190002373497267740e+01,6.372602243410043776e-01,1.420646319654702561e-01,2.555580216283268591e-01,1.026141329497793492e-02,8.770668660674280819e-04,4.098858464029452053e-04
1.200002393442622939e+01,6.381669487857583034e-01,1.420922657951529666e-01,2.555912004479306554e-01,7.873039430290145607e-03,-3.243913747437067062e-04,2.536892221498342030e-04
1.210002413387978137e+01,6.388560166748007418e-01,1.419792516456069020e-01,2.556088633956383194e-01,5.908290863204421206e-03,-1.935887107971707814e-03,9.956902741734983877e-05
1.220002433333333336e+01,6.393699466844331436e-01,1.416809219280148191e-01,2.556114899476438773e-01,4.370288828451755064e-03,-4.030695343309297594e-03,-4.703809208155831315e-05
1.230002453278688535e+01,6.397470370100768466e-01,1.411510928064735604e-01,2.555997785620340301e-01,3.171502642053227079e-03,-6.565865952298178404e-03,-1.871891529409044474e-04
1.240002473224043733e+01,6.400356831772082700e-01,1.403279315261886373e-01,2.555752204581095977e-01,2.601409186299094047e-03,-9.897326816977820158e-03,-3.039719459099773468e-04
1.250002493169398932e+01,6.402749984258777616e-01,1.391579152403591424e-01,2.555389450085809866e-01,2.184886240655647353e-03,-1.350295222692410313e-02,-4.215355976111039493e-04
1.260002513114754130e+01,6.404914775306395081e-01,1.376034077802715527e-01,2.554919073535671936e-01,2.144687219090020587e-03,-1.758713496454457348e-02,-5.192156263039525562e-04
1.270002533060109329e+01,6.407121631691796715e-01,1.356254453906095836e-01,2.554353638379785463e-01,2.269016748423809040e-03,-2.197203392652723186e-02,-6.116524299131598317e-04
1.280002553005464527e+01,6.409559425293628321e-01,1.331956541781548209e-01,2.553704945796070880e-01,2.606560730727154954e-03,-2.662369339666370571e-02,-6.857301498407361280e-04
1.290002572950819726e+01,6.412415272313645165e-01,1.302981824304395575e-01,2.552995076051002288e-01,3.105121917152411058e-03,-3.132562597566586338e-02,-7.340065085807850626e-04
1.300002592896174924e+01,6.415809233605878070e-01,1.269250236091044870e-01,2.552242035143417187e-01,3.682787128587692443e-03,-3.613741589360248280e-02,-7.720723026625601112e-04
1.310002612841530123e+01,6.419798861659535838e-01,1.230681147237261824e-01,2.551454734730437823e-01,4.296453063851839171e-03,-4.100060795943501202e-02,-8.025253827057648700e-04
1.320002632786885322e+01,6.424418005766079354e-01,1.187160696231811946e-01,2.550638619992675049e-01,4.941816723179792009e-03,-4.604012044564031320e-02,-8.297008372866785221e-04
1.330002652732240520e+01,6.429630892734450320e-01,1.138701690613539153e-01,2.549797226214585710e-01,5.483936419027808130e-03,-5.087769748487489668e-02,-8.530833625193028026e-04
1.340002672677595719e+01,6.435341464873857165e-01,1.085454225742977646e-01,2.548933048859324813e-01,5.937185079955040190e-03,-5.561701984875185717e-02,-8.752679007442830828e-04
1.350002692622950917e+01,6.441446424799780468e-01,1.027580207301073412e-01,2.548046835998925008e-01,6.272710418821172106e-03,-6.013078617194624748e-02,-8.971542848964346190e-04
1.360002712568306116e+01,6.447818823629506424e-01,9.653816657471195328e-02,2.547138672953314087e-01,6.472061820729969536e-03,-6.426604882205570746e-02,-9.191681836054288674e-04
1.370002732513661314e+01,6.454317482965449271e-01,8.993127253501613516e-02,2.546208731274276493e-01,6.525230927595607015e-03,-6.787156841868954849e-02,-9.407114648730613773e-04
1.380002752459016513e+01,6.460794965630083375e-01,8.299640105588830530e-02,2.545258436463621043e-01,6.429708562585261487e-03,-7.082558452746902378e-02,-9.598743656520139760e-04
1.390002772404371711e+01,6.467105864789264302e-01,7.580253503666425918e-02,2.544291503405451405e-01,6.192064581202375885e-03,-7.305144888915848789e-02,-9.739878935303100151e-04
1.400002792349726910e+01,6.473117121886426961e-01,6.842414222325443607e-02,2.543314074966375737e-01,5.830425633840296412e-03,-7.451611305029409715e-02,-9.808650855969815782e-04
1.410002812295081931e+01,6.478719515828809117e-01,6.093755193844552914e-02,2.542333689819519793e-01,5.374339902621139836e-03,-7.521539400107492279e-02,-9.799012972975308135e-04
1.420002832240437129e+01,6.483836573329154751e-01,5.341901276883768285e-02,2.541357628561215498e-01,4.859754685805210347e-03,-7.515508947181172295e-02,-9.722173257414177183e-04
1.430002852185792328e+01,6.488426917898477697e-01,4.594519432001584192e-02,2.540391705208145390e-01,4.320916141666874578e-03,-7.432098136929261856e-02,-9.596255272688988727e-04
1.440002872131147527e+01,6.492477369205226223e-01,3.859112866409938197e-02,2.539439934888356176e-01,3.779970314324491466e-03,-7.276003839071849832e-02,-9.439113156377747834e-04
1.450002892076502725e+01,6.495995145213665500e-01,3.144347859972931175e-02,2.538506686718826066e-01,3.255567669923376331e-03,-7.019267777241290640e-02,-9.225813006363358217e-04
1.460002912021857924e+01,6.498991821958990389e-01,2.458611424908969598e-02,2.537596833454940914e-01,2.737773866794172666e-03,-6.695433569578966571e-02,-8.971215976719185397e-04
1.470002931967213122e+01,6.501463514604982619e-01,1.807521799180344599e-02,2.536713812140428126e-01,2.205601565454339344e-03,-6.326332972617650097e-02,-8.689175089259819525e-04
1.480002951912568321e+01,6.503420521236780161e-01,1.197961615164769116e-02,2.535864795679216299e-01,1.708403891518898033e-03,-5.864846391953597304e-02,-8.291120267174769852e-04
1.490002971857923519e+01,6.504864607871900795e-01,6.374880676755891214e-03,2.535058135647563216e-01,1.179763618169807782e-03,-5.344602200186635010e-02,-7.842048187715919098e-04
1.500002991803278718e+01,6.505861544981672573e-01,1.317343210537525247e-03,2.534305055283606611e-01,8.141066245293409904e-04,-4.770452557414104483e-02,-7.219529050564666090e-04
1.510003011748633917e+01,6.506555541413044930e-01,-3.150387463690383551e-03,2.533620066196313192e-01,5.738834698208873479e-04,-4.164990968982220515e-02,-6.480225370662649927e-04
1.520003031693989115e+01,6.507078634440267573e-01,-7.020908684689370488e-03,2.533012112277065464e-01,4.723004979733973685e-04,-3.576036033262441211e-02,-5.678828762621146485e-04
1.530003051639344314e+01,6.507576662305196713e-01,-1.031166430244640810e-02,2.532487882968027515e-01,5.237532452209322760e-04,-3.005462075219886287e-02,-4.805736506301798135e-04
1.540003071584699512e+01,6.508187655114535675e-01,-1.305010175756769926e-02,2.532052708289162513e-01,6.982299361683715283e-04,-2.471401911222941353e-02,-3.897739711602465104e-04
1.550003091530054711e+01,6.508997106929635956e-01,-1.527905236795941250e-02,2.531707350157038627e-01,9.206704650775579058e-04,-1.986490418135895830e-02,-3.009409154324209769e-04
1.560003111475409909e+01,6.509995342187065992e-01,-1.705099983193837654e-02,2.531446231560014470e-01,1.075796067758616383e-03,-1.557397441411818677e-02,-2.212952369979754588e-04
1.570003131420765108e+01,6.511045652298025344e-01,-1.842251979042332580e-02,2.531255831867654793e-01,1.024819964405853951e-03,-1.185637004478444154e-02,-1.595033882049862986e-04
1.580003151366120306e+01,6.511872957278249663e-01,-1.944995017189042955e-02,2.531113551897563041e-01,6.297866958715518052e-04,-8.692196599711606020e-03,-1.250559844154050960e-04
1.590003171311475505e+01,6.512071013858704571e-01,-2.018727413317395608e-02,2.530986925012795319e-01,-2.336743250208637513e-04,-6.054253213641039646e-03,-1.281972799980454260e-04
1.600003191256830704e+01,6.511153384872953032e-01,-2.068352385485521666e-02,2.530835839503873252e-01,-1.601579986002526265e-03,-3.870721424269752287e-03,-1.739731351569085425e-04
1.610003211202185724e+01,6.508649777291853900e-01,-2.097800358921098063e-02,2.530619250585876001e-01,-3.405625189148204709e-03,-2.018861515863167554e-03,-2.592038368500658658e-04
1.620003231147541101e+01,6.503987396145746169e-01,-2.111521587483889198e-02,2.530283342745461850e-01,-5.919118504533925178e-03,-7.253787232104256209e-04,-4.126105040201886445e-04
1.630003251092896122e+01,6.496566359947628655e-01,-2.114062373033973388e-02,2.529769678361603602e-01,-8.922924288720119473e-03,2.172226267289816340e-04,-6.147162146564640051e-04
1.640003271038251498e+01,6.485915447651212640e-01,-2.108772681140151650e-02,2.529032291551043254e-01,-1.237885781695043617e-02,8.407136419439361448e-04,-8.600544649812597291e-04
1.650003290983606519e+01,6.471615471038215661e-01,-2.098215168236678904e-02,2.528032158125953499e-01,-1.622103836553446046e-02,1.270784727292090764e-03,-1.140208395602199196e-03
1.660003310928961895e+01,6.453278103232656937e-01,-2.084411318572713598e-02,2.526737158701901631e-01,-2.045362409666700437e-02,1.489979699058223200e-03,-1.449785286667421447e-03
1.670003330874316916e+01,6.430699217139353996e-01,-2.069681150675020329e-02,2.525136931013340913e-01,-2.470405802133660358e-02,1.456048004523546185e-03,-1.750663707045436697e-03
1.680003350819672292e+01,6.403771947299069511e-01,-2.055751740274255196e-02,2.523231570713358463e-01,-2.915037424465423410e-02,1.329828519099794963e-03,-2.060049292316948853e-03
1.690003370765027313e+01,6.372535959628017332e-01,-2.043500624097384366e-02,2.521031461861596434e-01,-3.332147649512411797e-02,1.120389829226837650e-03,-2.340159634834200475e-03
1.700003390710382689e+01,6.337260724549019786e-01,-2.033559206893730681e-02,2.518563380684715747e-01,-3.722885294773188580e-02,8.678896458098709103e-04,-2.595992873595533244e-03
1.710003410655737710e+01,6.298289656386709678e-01,-2.026234040172947282e-02,2.515856035908977106e-01,-4.071312791884068583e-02,5.971407762916287627e-04,-2.818685878112468183e-03
1.720003430601093086e+01,6.256084347968641213e-01,-2.021606542222798009e-02,2.512944248262547475e-01,-4.369732055765773032e-02,3.283569678000905273e-04,-3.004877799442352143e-03
1.730003450546448107e+01,6.211115300657948923e-01,-2.019623595604368507e-02,2.509861907254070101e-01,-4.624059467936042500e-02,6.823156487591397956e-05,-3.159791921860128933e-03
1.740003470491803483e+01,6.164050133591186809e-01,-2.019829063437315192e-02,2.506658801411874582e-01,-4.788955170824302915e-02,-1.093250495028456036e-04,-3.246406985139801624e-03
1.750003490437158504e+01,6.115473917855609454e-01,-2.021688427115207048e-02,2.503380295980991432e-01,-4.926268598932243697e-02,-2.625469443636179617e-04,-3.310590798460999983e-03
1.760003510382513880e+01,6.065705652979324070e-01,-2.024774200553482173e-02,2.500053940703313993e-01,-5.027364523450037620e-02,-3.546065123569320404e-04,-3.342106487852722265e-03
1.770003530327868901e+01,6.015023947169655383e-01,-2.028501927598260271e-02,2.496706767549081996e-01,-5.108956421231646006e-02,-3.909374095848580015e-04,-3.352226468526439684e-03
1.780003550273224278e+01,5.963533812086954100e-01,-2.032392976745223123e-02,2.493354025802577978e-01,-5.189050055568784903e-02,-3.872708676436623174e-04,-3.353243650183014308e-03
1.790003570218579299e+01,5.911248400341529985e-01,-2.035981024266236145e-02,2.490003085917942838e-01,-5.268011436535482289e-02,-3.303372052641154839e-04,-3.348622751976802758e-03
1.800003590163934319e+01,5.858161442189752099e-01,-2.038778226916854175e-02,2.486656195392255575e-01,-5.349359017097530394e-02,-2.291022090377579858e-04,-3.345144948440645447e-03
1.810003610109289696e+01,5.804276299346990964e-01,-2.040393936708170125e-02,2.483311499400298883e-01,-5.427648056331443871e-02,-9.403910470859346547e-05,-3.344233693269233094e-03
1.820003630054644717e+01,5.749704098962612475e-01,-2.040554554117633007e-02,2.479969388656132201e-01,-5.486770251349338406e-02,6.191568688736537904e-05,-3.339974463173437432e-03
1.830003650000000093e+01,5.694617553473764193e-01,-2.039117628084942749e-02,2.476633146279106079e-01,-5.530516872049706656e-02,2.254689464518025270e-04,-3.332496982397879521e-03
1.840003669945355114e+01,5.639224229866401927e-01,-2.036073377118206504e-02,2.473309737247816054e-01,-5.548125752676615757e-02,3.833800325245728842e-04,-3.314307822893939465e-03
1.850003689890710490e+01,5.583839117924225270e-01,-2.031548463574224875e-02,2.470014139976761947e-01,-5.528874542288155641e-02,5.216008712551883225e-04,-3.276873572868857411e-03
1.860003709836065511e+01,5.528882086545773289e-01,-2.025807112425181272e-02,2.466769734846129547e-01,-5.462509810695791168e-02,6.266670682923389290e-04,-3.211923746259379153e-03
1.870003729781420887e+01,5.474839571292210438e-01,-2.019230520855160027e-02,2.463605798589244278e-01,-5.345971682116529289e-02,6.886486222680931026e-04,-3.115936146369597138e-03
1.880003749726775908e+01,5.422178310197202089e-01,-2.012314911853732569e-02,2.460552120039198043e-01,-5.186259529975744548e-02,6.944704193373481401e-04,-2.991408772406560241e-03
1.890003769672131284e+01,5.371576230856779377e-01,-2.005390536553728828e-02,2.457646588186635228e-01,-4.934136152620083315e-02,6.904018784864257401e-04,-2.819643342369222098e-03
1.900003789617486305e+01,5.323678958542571449e-01,-1.998798340364462203e-02,2.454923756742596053e-01,-4.645299203697399182e-02,6.280347296982548072e-04,-2.626008684162766792e-03
1.910003809562841681e+01,5.278940034016949001e-01,-1.992834061680887406e-02,2.452405951179193189e-01,-4.302467854787887791e-02,5.648186278282766974e-04,-2.409592398957537910e-03
1.920003829508196702e+01,5.237848286333508518e-01,-1.987410412329424295e-02,2.450111733594850794e-01,-3.915865290142805932e-02,5.199090789364101822e-04,-2.178833617949019891e-03
1.930003849453552078e+01,5.200790737272961151e-01,-1.982166715833406229e-02,2.448051079607107272e-01,-3.495629739476523862e-02,5.288281285236040444e-04,-1.942466137459445416e-03
1.940003869398907099e+01,5.168083802345109223e-01,-1.976807532619312413e-02,2.446229198143093919e-01,-3.045744199091265925e-02,5.430063764831260988e-04,-1.701289522967605996e-03
1.950003889344262475e+01,5.139853842576713738e-01,-1.970147300331063014e-02,2.444638864506734066e-01,-2.600236493478861113e-02,7.890374243581252736e-04,-1.479371405810779886e-03
1.960003909289617496e+01,5.116047224379283165e-01,-1.960298732907855487e-02,2.443263181805413187e-01,-2.161077649397096304e-02,1.180672131627705061e-03,-1.271988509146372787e-03
1.970003929234972873e+01,5.096534422337506420e-01,-1.945675803699204939e-02,2.442085633197789707e-01,-1.741474975178580742e-02,1.743907876923670233e-03,-1.083104008785370316e-03
1.980003949180327893e+01,5.081063731895710811e-01,-1.924460518953607924e-02,2.441086552004926302e-01,-1.352656941824445340e-02,2.499140609284823070e-03,-9.150543915438210177e-04
1.990003969125683270e+01,5.069280636284432262e-01,-1.894642944192636777e-02,2.440244651163399059e-01,-1.003957480080147971e-02,3.464362448490711059e-03,-7.687439331151701017e-04
2.000003989071038291e+01,5.060773444328869886e-01,-1.854158624024076010e-02,2.439538942034540636e-01,-6.974775174597358171e-03,4.632485435770765381e-03,-6.426715094830256873e-04
2.010004009016393667e+01,5.055092932751030776e-01,-1.800872875709098181e-02,2.438949295335627321e-01,-4.386225321162588384e-03,6.024642971203646342e-03,-5.366195362055867744e-04
2.020004028961748688e+01,5.051766661182942597e-01,-1.732544802706008705e-02,2.438457010524491542e-01,-2.266304546306868034e-03,7.640944372914901424e-03,-4.479481223106937873e-04
2.030004048907104064e+01,5.050397363470741086e-01,-1.647287217183443508e-02,2.438047364871925582e-01,-4.722854158800316067e-04,9.410538721809438151e-03,-3.713415487189606441e-04
2.040004068852459085e+01,5.050595533363269052e-01,-1.543085452588062630e-02,2.437708057209996559e-01,8.686244104239477810e-04,1.142977263052552019e-02,-3.072724216198242128e-04
2.050004088797814106e+01,5.051938449570579914e-01,-1.417462907954845051e-02,2.437428358126369765e-01,1.817202647222133059e-03,1.369468618449247964e-02,-2.521246298966106202e-04
2.060004108743169482e+01,5.054064747905286925e-01,-1.267973713613209166e-02,2.437200820028088966e-01,2.435385540255486161e-03,1.620309305165206978e-02,-2.029506590013910815e-04
2.070004128688524503e+01,5.056671548071781652e-01,-1.092176132420779634e-02,2.437020485141221104e-01,2.778204394045017799e-03,1.895635306006973608e-02,-1.577183953669886022e-04
2.080004148633879879e+01,5.059481257124743836e-01,-8.874248477741771002e-03,2.436884352656975838e-01,2.841202503772500415e-03,2.199382219267170813e-02,-1.145460300824946117e-04
2.090004168579234900e+01,5.062294873568985443e-01,-6.512893915730247341e-03,2.436789765139404373e-01,2.786019161018114029e-03,2.523317485163568616e-02,-7.462862774494194266e-05
2.100004188524590276e+01,5.064942138172654484e-01,-3.814595498470268586e-03,2.436735472634662392e-01,2.508499486213292256e-03,2.873268585673787595e-02,-3.395616516319378185e-05
2.110004208469945297e+01,5.067264991311953848e-01,-7.540666889163011354e-04,2.436720396121363486e-01,2.137197526377785511e-03,3.247776824791662187e-02,3.803198706266668451e-06
2.120004228415300673e+01,5.069155699043462748e-01,2.694428557993499944e-03,2.436742889887240360e-01,1.644210394487993169e-03,3.649199912762862014e-02,4.118424331849863403e-05
2.130004248360655694e+01,5.070471940968600544e-01,6.544512404326527713e-03,2.436810236547544695e-01,9.882682052171089769e-04,4.050952421675860921e-02,9.350880864023399701e-05
2.140004268306011070e+01,5.071089465696643206e-01,1.080180563561097470e-02,2.436934506842510784e-01,2.467787875230761712e-04,4.463617058281773436e-02,1.550312855703674564e-04
2.150004288251366091e+01,5.070926645460057669e-01,1.548279846261402248e-02,2.437125575954497692e-01,-5.724186111951252119e-04,4.898349922948647822e-02,2.271061762167419129e-04
2.160004308196721468e+01,5.069915232894829371e-01,2.059371097763806197e-02,2.437398577286122303e-01,-1.450402484673051417e-03,5.323454719346996933e-02,3.188953980128198884e-04
2.170004328142076488e+01,5.068023778653869549e-01,2.610388134615922520e-02,2.437774098685165924e-01,-2.332498452116298082e-03,5.696864037278139004e-02,4.321459020956640545e-04
2.180004348087431865e+01,5.065248984173583713e-01,3.197199078930928334e-02,2.438271539144679367e-01,-3.217079439625224538e-03,6.039331440763238967e-02,5.627330326095008684e-04
2.190004368032786886e+01,5.061601857467561416e-01,3.816028538851551355e-02,2.438905858047241415e-01,-4.077159423801423981e-03,6.337233072151690627e-02,7.059022421767707214e-04
2.200004387978142262e+01,5.057120111148371011e-01,4.461775802488315845e-02,2.439685574823390046e-01,-4.886315336610180284e-03,6.577686441317905086e-02,8.535281997807924858e-04
2.210004407923497283e+01,5.051866856881344070e-01,5.128135051467232197e-02,2.440609744476580911e-01,-5.620172241881102489e-03,6.749471956769619030e-02,9.948074200298467375e-04
2.220004427868852659e+01,5.045929193827627390e-01,5.807725733056985640e-02,2.441665553874393657e-01,-6.255130179839239225e-03,6.842314565724468001e-02,1.116807163905340732e-03
2.230004447814207680e+01,5.039409527789059373e-01,6.492661657483776716e-02,2.442829135497100179e-01,-6.784175889936749221e-03,6.856376600285248035e-02,1.210351439907100682e-03
2.240004467759563056e+01,5.032402959460291481e-01,7.175783561727852589e-02,2.444070903920607385e-01,-7.228932817957330753e-03,6.806034234432579988e-02,1.273180453614874237e-03
2.250004487704918077e+01,5.025067258217630339e-01,7.847291064569765495e-02,2.445342666258784603e-01,-7.442440404790721595e-03,6.624089035547796323e-02,1.270339149599564177e-03
2.260004507650273453e+01,5.017569278701189406e-01,8.497550697438381595e-02,2.446593153316120595e-01,-7.553488718178387983e-03,6.381077682557585729e-02,1.230629976800593113e-03
2.270004527595628474e+01,5.009999382531745704e-01,9.121039594353007318e-02,2.447786981500931214e-01,-7.586273423915855692e-03,6.088675384369499066e-02,1.157021630564776440e-03
2.280004547540983850e+01,5.002457123905345027e-01,9.712449136176157238e-02,2.448893737489801492e-01,-7.498213742338681077e-03,5.739491860393785422e-02,1.056485932256132337e-03
2.290004567486338871e+01,4.995043935101710630e-01,1.026687935730032364e-01,2.449890382830939017e-01,-7.328134293252248042e-03,5.349090445518275144e-02,9.368007743376875057e-04
2.300004587431694247e+01,4.987862738986296729e-01,1.078088088364361069e-01,2.450778751364082186e-01,-7.034229291331410734e-03,4.930919577502330259e-02,8.399327481905586017e-04
2.310004607377049268e+01,4.981004803981755602e-01,1.125203937317314495e-01,2.451577085018322444e-01,-6.681613361015829519e-03,4.492231418278982980e-02,7.567313756863045101e-04
2.320004627322404289e+01,4.974532578183459286e-01,1.167992410614418358e-01,2.452322408634572404e-01,-6.262812417459959376e-03,4.065446172549858073e-02,7.339128836707344353e-04
2.330004647267759665e+01,4.968497052141103709e-01,1.206573483618118281e-01,2.453071207302494894e-01,-5.808215591156857226e-03,3.650753037956733227e-02,7.636814651688683718e-04
2.340004667213114686e+01,4.962926112080751628e-01,1.241114024215616563e-01,2.453877319872828089e-01,-5.333642306715944727e-03,3.257341303103401808e-02,8.485404598635646039e-04
2.350004687158470063e+01,4.957832397088102194e-01,1.271861836188958039e-01,2.454792372374989817e-01,-4.853767359432573265e-03,2.892208826068724120e-02,9.815608942577789663e-04
2.360004707103825083e+01,4.953215091152206040e-01,1.299114257173117626e-01,2.455857387290524274e-01,-4.380826093635385027e-03,2.558264499600561293e-02,1.148464688399957780e-03
2.370004727049180460e+01,4.949062786421413174e-01,1.323182109635958337e-01,2.457096196454586212e-01,-3.923766804145328857e-03,2.255296392149411244e-02,1.329148698036415176e-03
2.380004746994535481e+01,4.945354148106568259e-01,1.344379503012673449e-01,2.458507794040219463e-01,-3.493495031551790368e-03,1.984173827419670813e-02,1.494040842278191719e-03
2.390004766939890857e+01,4.942058960824713965e-01,1.363010049070043916e-01,2.460061531579211258e-01,-3.096866387446649618e-03,1.741927952212054403e-02,1.613428037747959140e-03
2.400004786885245878e+01,4.939140973200206730e-01,1.379342897505874688e-01,2.461697763684042861e-01,-2.739097221531397192e-03,1.524635219677879933e-02,1.659029644882029303e-03
2.410004806830601254e+01,4.936559546118448605e-01,1.393605976657648349e-01,2.463331143738224371e-01,-2.423746644509358270e-03,1.327974921044630489e-02,1.607723947824698206e-03
2.420004826775956275e+01,4.934270758710979088e-01,1.405988013347963528e-01,2.464856203771434995e-01,-2.153819040311668025e-03,1.148427477745854290e-02,1.442390035035845310e-03
2.430004846721311651e+01,4.932230270692799512e-01,1.416636714922824836e-01,2.466159300886752448e-01,-1.927148856412358403e-03,9.813085893921869723e-03,1.163798997462513370e-03
2.440004866666666672e+01,4.930395172599957299e-01,1.425667104313735889e-01,2.467130878535040706e-01,-1.743040008950199693e-03,8.247656865107255708e-03,7.793524234291820995e-04
2.450004886612022048e+01,4.928724170539762195e-01,1.433154764290350824e-01,2.467669272160142313e-01,-1.598957445707229180e-03,6.727633219374397344e-03,2.974326790878625295e-04
2.460004906557377069e+01,4.927181675547343542e-01,1.439200394424752505e-01,2.467707807831913402e-01,-1.486026386019549542e-03,5.363602933028484634e-03,-2.203614892668409359e-04
2.470004926502732445e+01,4.925739983566653768e-01,1.443930708298404864e-01,2.467222374809897034e-01,-1.397351824359458969e-03,4.097005944755692866e-03,-7.505026183425157586e-04
2.480004946448087466e+01,4.924380444333346651e-01,1.447451160873911846e-01,2.466224049283755326e-01,-1.321721218967180853e-03,2.943885162950950294e-03,-1.246144451557414101e-03
2.490004966393442842e+01,4.923096905776651044e-01,1.449885006896205752e-01,2.464771496073085433e-01,-1.245350774307436197e-03,1.923797172871530552e-03,-1.658956175455919384e-03
2.500004986338797863e+01,4.921898836336073280e-01,1.451376570652697096e-01,2.462971705567130742e-01,-1.150783327674481573e-03,1.059324390169283110e-03,-1.940617656975279900e-03
2.510005006284153239e+01,4.920812646886882358e-01,1.452086823573087715e-01,2.460972805473725378e-01,-1.021591237829798469e-03,3.611786173682446106e-04,-2.057174556097310716e-03
2.520005026229508260e+01,4.919880219072308991e-01,1.452183533111388869e-01,2.458950564978795716e-01,-8.432606718032632743e-04,-1.677599265463047048e-04,-1.987298366917421115e-03
2.530005046174863637e+01,4.919145697988127619e-01,1.451822566583485241e-01,2.457087292324811045e-01,-6.257785665081391302e-04,-5.541716893427768749e-04,-1.739239508339891511e-03
2.540005066120218657e+01,4.918699711837385968e-01,1.451183105944153229e-01,2.455595084741858947e-01,-2.661919559080906791e-04,-7.247470384723077828e-04,-1.245169705054048961e-03
2.550005086065574034e+01,4.918644533418239373e-01,1.450434841789157991e-01,2.454688633822098842e-01,1.558353377250512139e-04,-7.717782866456836255e-04,-5.677285185764115042e-04
2.560005106010929055e+01,4.919080230921829000e-01,1.449705480408655378e-01,2.454542278898198537e-01,7.155579314297028093e-04,-6.869415648911703478e-04,2.750192545943627807e-04
2.570005125956284076e+01,4.920153757876619682e-01,1.449105592768316908e-01,2.455285573756236794e-01,1.431491695784761634e-03,-5.128313227959417197e-04,1.211567496431872806e-03
2.580005145901639452e+01,4.922016181981847538e-01,1.448701125473433327e-01,2.456981639996158040e-01,2.293349085344056557e-03,-2.961016535252989300e-04,2.180558217695042090e-03
2.590005165846994473e+01,4.924818380928524530e-01,1.448502236732176762e-01,2.459585385019104897e-01,3.311037629861610099e-03,-1.016750356082261300e-04,3.026921441695470689e-03
2.600005185792349849e+01,4.928696011767151886e-01,1.448478356000616751e-01,2.462979253794053414e-01,4.444208579279837479e-03,5.391366775019752668e-05,3.760802569844732754e-03
2.610005205737704870e+01,4.933757173230686188e-01,1.448575536937626307e-01,2.467013842668115131e-01,5.678094158496569017e-03,1.404478186083582428e-04,4.308359084048988576e-03
2.620005225683060246e+01,4.940091755880601232e-01,1.448714049628811451e-01,2.471469497075523269e-01,6.991045872284036219e-03,1.365770112256735520e-04,4.602931956880449219e-03
2.630005245628415267e+01,4.947763670851368922e-01,1.448797900219775947e-01,2.476063482390186143e-01,8.352753465498777632e-03,3.112383621792349847e-05,4.585020346748170522e-03
2.640005265573770643e+01,4.956807633796148638e-01,1.448726521998786043e-01,2.480469970955831438e-01,9.735136347122579081e-03,-1.738799934658326503e-04,4.227939206781760988e-03
2.650005285519125664e+01,4.967223819601847001e-01,1.448406200857132731e-01,2.484337316268550311e-01,1.109719371345165712e-02,-4.667610120593273311e-04,3.506735991571204459e-03
2.660005305464481040e+01,4.979007962767685314e-01,1.447753478544485384e-01,2.487317108028222201e-01,1.247104561053382667e-02,-8.386810094850589807e-04,2.452835641195486027e-03
2.670005325409836061e+01,4.992107511699739320e-01,1.446709201299331005e-01,2.489055874303285898e-01,1.372799999864704815e-02,-1.249869315136291001e-03,1.024689972883616835e-03
2.680005345355191437e+01,5.006384257908907953e-01,1.445254710245006402e-01,2.489209860953184028e-01,1.482543546885035229e-02,-1.659106991456189752e-03,-7.167172873497776146e-04
2.690005365300546458e+01,5.021659551747958972e-01,1.443413829766237166e-01,2.487508632274330056e-01,1.572509127514006011e-02,-2.022646622694399855e-03,-2.685733284050137188e-03
2.700005385245901834e+01,5.037670567090971607e-01,1.441275040877962321e-01,2.483843362511952424e-01,1.629687554193609555e-02,-2.254922622091880095e-03,-4.644791619713201439e-03
2.710005405191256855e+01,5.054140541260006003e-01,1.438960020029686482e-01,2.478218792807518056e-01,1.664300709636533718e-02,-2.375109839695552921e-03,-6.604325352392375129e-03
2.720005425136612232e+01,5.070831689735365577e-01,1.436595618609129710e-01,2.470698200016521184e-01,1.673922327230860027e-02,-2.353683569671554798e-03,-8.436830229482127075e-03
2.730005445081967252e+01,5.087485930115025479e-01,1.434333438495119240e-01,2.461476335883432398e-01,1.656919105219504737e-02,-2.170667634370379833e-03,-1.000686125009753180e-02
2.740005465027322629e+01,5.103833090036272724e-01,1.432339312022266331e-01,2.450884677251639887e-01,1.612506358044689045e-02,-1.817577356639643073e-03,-1.117641376269290152e-02
2.750005484972677650e+01,5.119599554316879297e-01,1.430781185973939995e-01,2.439391104666305821e-01,1.540780208734619967e-02,-1.298668524550172180e-03,-1.181068555938890631e-02
2.760005504918033026e+01,5.134517026411938856e-01,1.429816173565361115e-01,2.427593840368564571e-01,1.442708259603517167e-02,-6.313524431126302022e-04,-1.178379597606174327e-02
2.770005524863388047e+01,5.148329689329380621e-01,1.429576865567292188e-01,2.416218235063362918e-01,1.319818813926653539e-02,1.527374015894714327e-04,-1.096736925633459876e-02
2.780005544808743423e+01,5.160804228442745778e-01,1.430159710989608035e-01,2.406088261265112160e-01,1.175084032574190245e-02,1.012951118034921896e-03,-9.292537931061977535e-03
2.790005564754098444e+01,5.171738937618565179e-01,1.431619704747040811e-01,2.398076847915349419e-01,1.011853440665157720e-02,1.907030572823689837e-03,-6.730256810430211220e-03
2.800005584699453820e+01,5.180964344645422326e-01,1.433956805931657086e-01,2.393122442490177859e-01,8.332242846333553707e-03,2.767162473564907434e-03,-3.178534276476944857e-03
2.810005604644808841e+01,5.188342099060824220e-01,1.437153343096383429e-01,2.392101683085633423e-01,6.423236554141932564e-03,3.625899104699241600e-03,1.137019539261408495e-03
2.820005624590163862e+01,5.193770822586587510e-01,1.441118523990420341e-01,2.395946167444145680e-01,4.434188841863323342e-03,4.304446866017797371e-03,6.551933841872879805e-03
2.830005644535519238e+01,5.197211199380675772e-01,1.445580150624540539e-01,2.405793496651829899e-01,2.446551022432946927e-03,4.618788604512770977e-03,1.314268529187823283e-02
2.840005664480874259e+01,5.198670430795677699e-01,1.450220799933852889e-01,2.422641158868359956e-01,4.719059866042873107e-04,4.662491502268992401e-03,2.055257193479482353e-02
2.850005684426229635e+01,5.198153311432669454e-01,1.454814167409345105e-01,2.447237737926132028e-01,-1.506142649800791111e-03,4.524225125482922438e-03,2.864048806344412015e-02
2.860005704371584656e+01,5.195698498739008686e-01,1.459084658430918335e-01,2.480257421737746826e-01,-3.403472945119176765e-03,4.016739882405455202e-03,3.739874784218349957e-02
2.870005724316940032e+01,5.191412908661551251e-01,1.462628383583039482e-01,2.522281723597378789e-01,-5.167690114306502588e-03,3.070696285694039102e-03,4.664968823948933974e-02
2.880005744262295053e+01,5.185451423816818117e-01,1.464989488414684959e-01,2.573678371082238625e-01,-6.755255794421642992e-03,1.651503959000610823e-03,5.614340170576188893e-02
2.890005764207650429e+01,5.177987097211428358e-01,1.465719817255125013e-01,2.634615132949763017e-01,-8.173367640688530833e-03,-1.908491914482388693e-04,6.572987894869934677e-02
2.900005784153005450e+01,5.169227329104328916e-01,1.464371707181714166e-01,2.704922852848951620e-01,-9.346133630241624038e-03,-2.505365577677369331e-03,7.488528038774810991e-02
2.910005804098360827e+01,5.159373447295074744e-01,1.460550802192765174e-01,2.784257995518933937e-01,-1.036159068051194752e-02,-5.136429158389712452e-03,8.378468847932779573e-02
2.920005824043715847e+01,5.148584036172003664e-01,1.453956724102865583e-01,2.872275400548710000e-01,-1.121718852598728271e-02,-8.051700717216394090e-03,9.224977047324386947e-02
2.930005843989071224e+01,5.137019937079483345e-01,1.444328382912198894e-01,2.968433532636998717e-01,-1.191096352913320264e-02,-1.120494325605683912e-02,1.000661101224783606e-01
2.940005863934426245e+01,5.124838974002716707e-01,1.431456654121205652e-01,3.071998108657844062e-01,-1.245091403376897242e-02,-1.453846297979159707e-02,1.070626287935853849e-01
2.950005883879781621e+01,5.112188731651219342e-01,1.415193904293598759e-01,3.182072533698743211e-01,-1.284952020660916697e-02,-1.798697180228751857e-02,1.130857821943876823e-01
2.960005903825136642e+01,5.099202456462276212e-01,1.395460428007532783e-01,3.297617404683121367e-01,-1.312297836820511959e-02,-2.147990205176224937e-02,1.180034988585901834e-01
2.970005923770492018e+01,5.085995768726613298e-01,1.372248505034164290e-01,3.417473558763182151e-01,-1.329034442081175257e-02,-2.494385130114957702e-02,1.217083311877715790e-01
2.980005943715847039e+01,5.072664252019143394e-01,1.345624004651925776e-01,3.540387872246574252e-01,-1.337263581386615753e-02,-2.830504325651576544e-02,1.241198054660628686e-01
2.990005963661202415e+01,5.059282279215278066e-01,1.315730093416319635e-01,3.665026327128920181e-01,-1.339125641233139541e-02,-3.148265996599892286e-02,1.251566071079699138e-01
3.000005983606557436e+01,5.045901748932012376e-01,1.282778358327016921e-01,3.790023729052464097e-01,-1.336975077842173301e-02,-3.442067876605664489e-02,1.248376981165960908e-01
3.010006003551912812e+01,5.032552081894702267e-01,1.247039326126700848e-01,3.914025882363260656e-01,-1.332953004353406266e-02,-3.705724306932129536e-02,1.231661138525849825e-01
3.020006023497267833e+01,5.019242999114953419e-01,1.208830237969175797e-01,4.035720144240325102e-01,-1.328858242519277526e-02,-3.936078082726583022e-02,1.202219244554566940e-01
3.030006043442623209e+01,5.005964819269455024e-01,1.168521528533560949e-01,4.153827669835938319e-01,-1.326772429830705251e-02,-4.125647724997938415e-02,1.159926555973993939e-01
3.040006063387978230e+01,4.992698536011811461e-01,1.126454231045754678e-01,4.267236218695026340e-01,-1.326478929693926043e-02,-4.287794991652991300e-02,1.108239897269212154e-01
3.050006083333333606e+01,4.979396936731801393e-01,1.083121349808578299e-01,4.374747115322871749e-01,-1.333835620216248380e-02,-4.378763970022607477e-02,1.041973746610205115e-01
3.060006103278688627e+01,4.966004273889874088e-01,1.039018284768340183e-01,4.475252711555028906e-01,-1.344691605751620854e-02,-4.441831445034175041e-02,9.681341688012949642e-02
3.070006123224044003e+01,4.952466953989057008e-01,9.945495838581178139e-02,4.567922143014915282e-01,-1.362766974289578159e-02,-4.451890998164974994e-02,8.852507637543538532e-02
3.080006143169399024e+01,4.938702520766271031e-01,9.503097336812661722e-02,4.651927174255244823e-01,-1.390114179548367773e-02,-4.396061389650042506e-02,7.948465100385493365e-02
3.090006163114754045e+01,4.924639032441522346e-01,9.067725239199513065e-02,4.726640171178940752e-01,-1.422577875387170086e-02,-4.311363195345298965e-02,6.994104480867928408e-02
3.100006183060109421e+01,4.910215121237841984e-01,8.643094368703818642e-02,4.791632116294400889e-01,-1.462198611559639358e-02,-4.181237275775305517e-02,6.004258616527195086e-02
3.110006203005464442e+01,4.895362435750719166e-01,8.233539572077594459e-02,4.846638377305225731e-01,-1.508332561035012793e-02,-4.009842319349986306e-02,4.996971643293258297e-02
3.120006222950819819e+01,4.880020634747541664e-01,7.843259032322967561e-02,4.891672305897082906e-01,-1.560021519659218932e-02,-3.795752907205611482e-02,4.009796110760011773e-02
3.130006242896174840e+01,4.864142316846939984e-01,7.475706021643201138e-02,4.926899770668400347e-01,-1.615635726499903974e-02,-3.555292644468276142e-02,3.035682791045558881e-02
3.140006262841530216e+01,4.847693182126833755e-01,7.133306916001416753e-02,4.952518268326845385e-01,-1.674184655857767490e-02,-3.292675809851088736e-02,2.088006521263136711e-02
3.150006282786885237e+01,4.830650706879332512e-01,6.818056261576616039e-02,4.968867160187416254e-01,-1.734303595291625255e-02,-3.012324703097447876e-02,1.181765329175032270e-02
3.160006302732240613e+01,4.813005924637437372e-01,6.531482327196387605e-02,4.976419818223923319e-01,-1.794645814472500822e-02,-2.719142552892095041e-02,3.287632653234605698e-03
3.170006322677595634e+01,4.794763600795282077e-01,6.274621643510557012e-02,4.975760035655350522e-01,-1.853811676980448436e-02,-2.418060874489790998e-02,-4.607195158465681242e-03
3.180006342622951010e+01,4.775942565332019218e-01,6.048021654303389893e-02,4.967566136862787696e-01,-1.910387907842270999e-02,-2.113929870437033370e-02,-1.178056974068036195e-02
3.190006362568306031e+01,4.756575664114096047e-01,5.851753934827291087e-02,4.952594024869141354e-01,-1.962984610163251778e-02,-1.811416689841802152e-02,-1.816359452191228935e-02
3.200006382513661407e+01,4.736709354678646511e-01,5.685437036250160642e-02,4.931659625119593215e-01,-2.010269352130494847e-02,-1.514914647214813531e-02,-2.370512146854281132e-02
3.210006402459016783e+01,4.716402979044137522e-01,5.548267765589114109e-02,4.905621150956999688e-01,-2.050997674429890297e-02,-1.228465294237374335e-02,-2.837172298752783581e-02
3.220006422404371449e+01,4.695729125807425186e-01,5.439034194043487758e-02,4.875371286266794724e-01,-2.083764725982103008e-02,-9.562017792790854578e-03,-3.212788572426345662e-02
3.230006442349726825e+01,4.674770530740819385e-01,5.356192572603013513e-02,4.841806468311974920e-01,-2.107945926823303132e-02,-7.006273449258564739e-03,-3.500161629320005380e-02
3.240006462295082201e+01,4.653617362028010240e-01,5.297939455230388228e-02,4.805802238521152958e-01,-2.122679377606110848e-02,-4.644326787730577652e-03,-3.700669966530008292e-02
3.250006482240437578e+01,4.632364831043265241e-01,5.262290729945490186e-02,4.768196872811658049e-01,-2.127818341574248470e-02,-2.485404048747560327e-03,-3.820388174351387750e-02
3.260006502185792243e+01,4.611115151800569967e-01,5.247049633626743592e-02,4.729801062428602987e-01,-2.122109030333696120e-02,-5.628091352322293298e-04,-3.858758585928682289e-02
3.270006522131147619e+01,4.589978145456859449e-01,5.249803735948972705e-02,4.691399337951553394e-01,-2.105283806723284856e-02,1.113628501049285582e-03,-3.821570990791008787e-02
3.280006542076502996e+01,4.569047155450067232e-01,5.268491128143121954e-02,4.653638596910686376e-01,-2.080905845131202081e-02,2.623842483262039255e-03,-3.730562154384534784e-02
3.290006562021858372e+01,4.548460664530209474e-01,5.299971409040849651e-02,4.617269881971390322e-01,-2.036384126759244531e-02,3.672201138600845148e-03,-3.543166325764935537e-02
3.300006581967213037e+01,4.528330261040306448e-01,5.341729089392612678e-02,4.582899971375772319e-01,-1.989688541076426939e-02,4.679318274349598614e-03,-3.330802082984475609e-02
3.310006601912568414e+01,4.508757243930768266e-01,5.391445064196582343e-02,4.550978448062791282e-01,-1.924907073031125598e-02,5.263856854428340497e-03,-3.053489845914756501e-02
3.320006621857923790e+01,4.489860098722701642e-01,5.446392405293720707e-02,4.521967311369521902e-01,-1.854514430391757118e-02,5.725589446158375548e-03,-2.748725920013680643e-02
3.330006641803278455e+01,4.471713024470322928e-01,5.504892633270611069e-02,4.496147115326188937e-01,-1.774893181101533032e-02,5.974432813109733197e-03,-2.415302988813930810e-02
3.340006661748633832e+01,4.454395978704549508e-01,5.565135794684228365e-02,4.473774078441289936e-01,-1.688509064174340338e-02,6.074175438236542775e-03,-2.059295463420361683e-02
3.350006681693989208e+01,4.437986393372820859e-01,5.625347500813696056e-02,4.455032465426268518e-01,-1.593401456284267506e-02,5.968141768827582919e-03,-1.689019663436273216e-02
3.360006701639344584e+01,4.422565350385070371e-01,5.683600376871142390e-02,4.440021826675114580e-01,-1.490800989714553826e-02,5.682410205221879139e-03,-1.313102098956016144e-02
3.370006721584699250e+01,4.408202826011243247e-01,5.738126436625724108e-02,4.428715985789163923e-01,-1.381698155749251124e-02,5.222779994905310356e-03,-9.480615682628213900e-03
3.380006741530054626e+01,4.394952549899213134e-01,5.787514056021498404e-02,4.421019831336703843e-01,-1.268351781038127082e-02,4.654724183216701200e-03,-5.911662521846819916e-03
3.390006761475410002e+01,4.382851263615874515e-01,5.830787718963423294e-02,4.416821273335027609e-01,-1.151900648350226083e-02,3.999991143031169857e-03,-2.485436733192265303e-03
3.400006781420765378e+01,4.371924193958859894e-01,5.867188786156536662e-02,4.415950350768741983e-01,-1.033508924175696037e-02,3.280207774976202396e-03,7.435950747854600494e-04
3.410006801366120044e+01,4.362184876260168931e-01,5.896172474641708794e-02,4.418186220050625002e-01,-9.143507304872525165e-03,2.516518360282064305e-03,3.728134569957327130e-03
3.420006821311475420e+01,4.353635121660622831e-01,5.917401670994789503e-02,4.423264481940570869e-01,-7.955967788709104524e-03,1.729312441873812924e-03,6.428368952426417524e-03
3.430006841256830796e+01,4.346265114837719601e-01,5.930738176699403008e-02,4.430884743865562414e-01,-6.784016457674573938e-03,9.379833790326072562e-04,8.812124499850495368e-03
3.440006861202186172e+01,4.340053634851279152e-01,5.936231706010883236e-02,4.440718261324888005e-01,-5.638918737221188318e-03,1.607202918598881923e-04,1.085487119227904543e-02
3.450006881147540838e+01,4.334968390122584392e-01,5.934106977632902513e-02,4.452415517357449781e-01,-4.531550434806974788e-03,-5.856651198884006097e-04,1.253959421175160696e-02
