t,ee_x,ee_y,ee_z
0.0,0.6089097597613422,0.3187504684751013,0.243045
0.14010098989899,0.6080777136389466,0.3239779906603133,0.23938525236010777
0.28020197979798,0.6065448294168851,0.32836430819103,0.23666534742496564
0.42030296969697,0.6044017510359188,0.3319049197107953,0.23504031218291782
0.56040395959596,0.6016122271879948,0.33452379838197305,0.23435891800292552
0.70050494949495,0.5980055254994667,0.33606811033362016,0.23423354351373193
0.840605939393939,0.5932994713952087,0.33632256242684194,0.2342009786591875
0.9807069292929289,0.5871351125825299,0.3350319026015732,0.23391368517158717
1.12080791919192,0.5791081156340799,0.3319224797581328,0.2332776908066453
1.26090890909091,0.568796911979098,0.3267230522636354,0.23246662960453707
1.4010098989899,0.5558024677608043,0.31919424260053286,0.23179446929977338
1.54111088888889,0.5398227276484704,0.3091804388358263,0.23150300129896684
1.68121187878788,0.5207808955634288,0.2966936906228545,0.2315784121681727
1.82131286868687,0.49900027838218297,0.2820200226545932,0.2317165471411199
1.96141385858586,0.4753658377502212,0.2658044884506036,0.23148768949335252
2.10151484848485,0.45136169830982226,0.2490435568958927,0.23062660833139553
2.24161583838384,0.42888091001297074,0.23292927112225104,0.2292644860654377
2.3817168282828294,0.409801480563339,0.21856331031225537,0.22792259878811794
2.52181781818182,0.3954681453454724,0.20664989101510553,0.2272338924062448
2.6619188080808094,0.3863146020742223,0.1973151135143779,0.22755143483199924
2.8020197979798,0.38183333413196746,0.19015226799457807,0.2286928700967708
2.9421207878787894,0.3809536242983507,0.1844838488298267,0.22999588583200226
3.08222177777778,0.3826935148338957,0.17972247719384643,0.2306805394577613
3.2223227676767694,0.3868057718746076,0.175662507109539,0.23033031735853426
3.36242375757576,0.39410718103555487,0.1725647390374934,0.22920295718976363
3.5025247474747494,0.40626207651609847,0.1709857623508636,0.22814017874436748
3.64262573737374,0.4249655992738912,0.17141133371498707,0.22808334879801778
3.7827267272727294,0.4507553740171424,0.1738489615085563,0.22949427535743866
3.92282771717172,0.4820162858943652,0.177576808456597,0.2320806107840278
4.06292870707071,0.5148603031089355,0.18118073666198875,0.2350021580648003
4.2030296969697,0.5441371948940927,0.18286050675301832,0.2373667219606322
4.343130686868689,0.5650113708515402,0.18088211634517745,0.2386449885924078
4.48323167676768,0.5741369577633972,0.17406496480928904,0.2387703717566701
4.62333266666667,0.5700342722564163,0.1622122127310855,0.23796205335186865
4.76343365656566,0.5531180991561416,0.14632666890467635,0.23648408663051768
4.903534646464649,0.5258122405505834,0.12840040927656232,0.2345514445606613
5.04363563636364,0.49242697235887106,0.1107336086632373,0.23243516243190743
5.18373662626263,0.4582218401159896,0.09511242740413615,0.23059221544430097
5.32383761616162,0.4278214345445481,0.08233959279693957,0.22957449345764008
5.463938606060609,0.40391594261566466,0.07231264884760485,0.229694333009979
5.6040395959596,0.3870011178232925,0.06443776681486486,0.23072384540184104
5.74414058585859,0.3761045178498812,0.05804854821784133,0.23193663313340107
5.88424157575758,0.3698848957941868,0.052637330985652125,0.23251832635176717
6.0243425656565694,0.3675079192394285,0.04788969272000693,0.23206279429733756
6.16444355555556,0.369017549682288,0.04361746626873842,0.23081256262172017
6.30454454545455,0.37520165908498343,0.03969206900521471,0.2295036765129777
6.44464553535354,0.3870976743928775,0.036028757760091026,0.22894077476847569
6.5847465252525295,0.405358365263438,0.03261528153465149,0.22957148800392746
6.72484751515151,0.4297324098918874,0.029543630484130962,0.23129139839426865
6.86494850505051,0.4588764448283744,0.026997752645647605,0.23354969385526836
7.0050494949495,0.49057989612466046,0.02517561415007129,0.235654403181201
7.1451504848484895,0.5222959633594793,0.02417519266382486,0.2370922487245838
7.28525147474747,0.5517368955654217,0.023915047273635692,0.23771149610705972
7.425352464646471,0.5772952070287156,0.02414509641198101,0.23772193972856032
7.565453454545459,0.59818139630247,0.024538734994352652,0.23756572318583796
7.7055544444444495,0.6143212105422543,0.024805338959265535,0.23775049344263893
7.84565543434343,0.6261357143039611,0.024764820134927423,0.23871213386734752
7.985756424242431,0.6343173249215561,0.024364865210052607,0.24072848698070037
8.12585741414141,0.6396594660773564,0.023655627081103404,0.2438763811241862
8.2659584040404,0.6429464122382639,0.02274713368518437,0.24802086891431813
8.40605939393939,0.6448848758368475,0.021768253703024633,0.25283431778410403
8.54616038383838,0.6460575352914002,0.020835749199644846,0.2578484687300119
8.686261373737372,0.6468898787029425,0.020034948990891865,0.26253897373962637
8.826362363636358,0.6476342331226663,0.01941091339070492,0.26643161335234883
8.96646335353535,0.6483803441709302,0.018968950545287303,0.2692074956442347
9.10656434343434,0.6490969360457818,0.01868365427851201,0.270776649628898
9.24666533333333,0.6496960854025874,0.018514381310684624,0.2712918385936379
9.38676632323232,0.6500998487005585,0.018422370222733228,0.27109129224185724
9.52686731313131,0.6502852301058805,0.01838306782369866,0.27058642579396036
9.6669683030303,0.6502931629340923,0.018389206103949497,0.2701350006378906
9.80706929292929,0.6502048261337925,0.018445112919097912,0.26994691538974164
9.94717028282828,0.6501034211393238,0.018557066811408895,0.27005440326770147
10.0872712727273,0.650042848701059,0.018725341995597607,0.2703496457696519
10.2273722626263,0.6500364580774172,0.018941227818228223,0.2706655962381821
10.3674732525253,0.6500662130268027,0.019189065071760516,0.2708618385400792
10.5075742424242,0.6501028997225794,0.019451090251081347,0.2708806467456303
10.6476752323232,0.6501250631291259,0.01971217441716223,0.2707556780268522
10.7877762222222,0.6501277579306464,0.019962225174330776,0.27057826000835844
10.9278772121212,0.6501192070211014,0.020195634166846093,0.2704437198170222
11.0679782020202,0.6501103341061308,0.020408876740672603,0.27040544359921115
11.2080791919192,0.6501053406482177,0.020598244305794336,0.2704566120336844
11.3481801818182,0.6500995540300469,0.020759268158379543,0.27054414590704434
11.4882811717172,0.6500853379015261,0.02088808076309581,0.2706041620656136
11.6283821616162,0.6500615189427336,0.02098364654296535,0.2705996599209216
11.7684831515152,0.6500395822319937,0.021049227243348075,0.270542028720153
11.9085841414141,0.6500417227184273,0.021091874330342503,0.27048691537341873
12.0486851313131,0.650090560251655,0.02111989451330837,0.2705074507366147
12.1887861212121,0.6501955250646141,0.021139500499901646,0.27065812214966867
12.3288871111111,0.6503438092889472,0.02115254901746415,0.27094640044824225
12.4689881010101,0.6505023779688377,0.021156940807487538,0.27132534494706256
12.6090890909091,0.6506320373536238,0.021149963549835477,0.27171082358656434
12.7491900808081,0.6507076711046429,0.021133175017605997,0.27201587066755445
12.8892910707071,0.6507342062922029,0.021116227080846928,0.27218679363445203
13.0293920606061,0.6507481908107836,0.021117059735528142,0.27222447232387226
13.1694930505051,0.6508001946459652,0.02115728599798689,0.2721806266594567
13.309594040404,0.6509216155240746,0.02125373587340829,0.2721299696571638
13.449695030303,0.6510875599551907,0.02140904488816404,0.27213001538765524
13.589796020202,0.6511914993587848,0.0216050838839813,0.27218589307521524
13.729897010101,0.6510447078325933,0.02180262936606507,0.272235463392503
13.869998,0.6504045893825444,0.02194897390523245,0.2721615521096822
